{"time": 2, "f(x)": 4.95311, "median_sinr": 0.00114, "mean_sinr": 1.01239, "max_sinr": 256.0}
{"time": 4, "f(x)": 9.01286, "median_sinr": 0.03689, "mean_sinr": 1.90636, "max_sinr": 256.0}
{"time": 6, "f(x)": 7.37179, "median_sinr": 0.00405, "mean_sinr": 1.14278, "max_sinr": 256.0}
{"time": 8, "f(x)": 8.38595, "median_sinr": 0.01094, "mean_sinr": 0.95537, "max_sinr": 256.0}
{"time": 10, "f(x)": 6.54162, "median_sinr": 0.00205, "mean_sinr": 0.69209, "max_sinr": 158.42698240407287}
{"time": 12, "f(x)": 8.7085, "median_sinr": 0.02699, "mean_sinr": 0.68321, "max_sinr": 122.2656609265154}
{"time": 14, "f(x)": 9.87319, "median_sinr": 0.08153, "mean_sinr": 1.8295, "max_sinr": 256.0}
{"time": 16, "f(x)": 9.06594, "median_sinr": 0.04539, "mean_sinr": 2.21315, "max_sinr": 256.0}
{"time": 18, "f(x)": 8.40688, "median_sinr": 0.02534, "mean_sinr": 1.13138, "max_sinr": 256.0}
{"time": 20, "f(x)": 8.09761, "median_sinr": 0.01887, "mean_sinr": 1.82332, "max_sinr": 256.0}
{"time": 22, "f(x)": 7.67184, "median_sinr": 0.02148, "mean_sinr": 0.66171, "max_sinr": 256.0}
{"time": 24, "f(x)": 9.045, "median_sinr": 0.01387, "mean_sinr": 0.7795, "max_sinr": 256.0}
{"time": 26, "f(x)": 8.17822, "median_sinr": 0.01701, "mean_sinr": 1.06768, "max_sinr": 256.0}
{"time": 28, "f(x)": 8.91787, "median_sinr": 0.01902, "mean_sinr": 1.71715, "max_sinr": 256.0}
{"time": 30, "f(x)": 6.92979, "median_sinr": 0.00413, "mean_sinr": 0.60102, "max_sinr": 256.0}
{"time": 32, "f(x)": 10.59929, "median_sinr": 0.14863, "mean_sinr": 4.44886, "max_sinr": 256.0}
{"time": 34, "f(x)": 10.63291, "median_sinr": 0.18363, "mean_sinr": 4.15297, "max_sinr": 256.0}
{"time": 36, "f(x)": 10.64933, "median_sinr": 0.2449, "mean_sinr": 4.37421, "max_sinr": 256.0}
{"time": 38, "f(x)": 10.76171, "median_sinr": 0.23149, "mean_sinr": 4.68786, "max_sinr": 256.0}
{"time": 40, "f(x)": 10.96383, "median_sinr": 0.25495, "mean_sinr": 4.63885, "max_sinr": 256.0}
{"time": 42, "f(x)": 10.85378, "median_sinr": 0.22829, "mean_sinr": 4.25085, "max_sinr": 256.0}
{"time": 44, "f(x)": 10.51229, "median_sinr": 0.15944, "mean_sinr": 2.97058, "max_sinr": 256.0}
{"time": 46, "f(x)": 10.36781, "median_sinr": 0.17976, "mean_sinr": 3.71186, "max_sinr": 256.0}
{"time": 48, "f(x)": 10.38675, "median_sinr": 0.19783, "mean_sinr": 3.50644, "max_sinr": 256.0}
{"time": 50, "f(x)": 11.29191, "median_sinr": 0.24962, "mean_sinr": 4.69142, "max_sinr": 256.0}
{"time": 52, "f(x)": 10.74576, "median_sinr": 0.23915, "mean_sinr": 4.37876, "max_sinr": 256.0}
{"time": 54, "f(x)": 10.95812, "median_sinr": 0.21564, "mean_sinr": 3.95978, "max_sinr": 256.0}
{"time": 56, "f(x)": 10.75673, "median_sinr": 0.19843, "mean_sinr": 3.20635, "max_sinr": 256.0}
{"time": 58, "f(x)": 10.99573, "median_sinr": 0.20972, "mean_sinr": 2.68698, "max_sinr": 256.0}
{"time": 60, "f(x)": 10.70617, "median_sinr": 0.22174, "mean_sinr": 3.81388, "max_sinr": 256.0}
{"time": 62, "f(x)": 10.60089, "median_sinr": 0.21575, "mean_sinr": 3.49924, "max_sinr": 256.0}
{"time": 64, "f(x)": 10.90877, "median_sinr": 0.23744, "mean_sinr": 3.41988, "max_sinr": 256.0}
{"time": 66, "f(x)": 10.85734, "median_sinr": 0.23635, "mean_sinr": 3.31687, "max_sinr": 256.0}
{"time": 68, "f(x)": 10.97998, "median_sinr": 0.23331, "mean_sinr": 3.67644, "max_sinr": 256.0}
{"time": 70, "f(x)": 10.83838, "median_sinr": 0.21797, "mean_sinr": 3.43793, "max_sinr": 256.0}
{"time": 72, "f(x)": 10.52796, "median_sinr": 0.18841, "mean_sinr": 2.87062, "max_sinr": 256.0}
{"time": 74, "f(x)": 10.36826, "median_sinr": 0.1773, "mean_sinr": 4.32552, "max_sinr": 256.0}
{"time": 76, "f(x)": 11.22789, "median_sinr": 0.23736, "mean_sinr": 2.96329, "max_sinr": 256.0}
{"time": 78, "f(x)": 10.65247, "median_sinr": 0.23758, "mean_sinr": 2.66674, "max_sinr": 256.0}
{"time": 80, "f(x)": 9.86009, "median_sinr": 0.21814, "mean_sinr": 3.19464, "max_sinr": 256.0}
{"time": 82, "f(x)": 11.0684, "median_sinr": 0.32226, "mean_sinr": 4.37439, "max_sinr": 256.0}
{"time": 84, "f(x)": 11.19652, "median_sinr": 0.31947, "mean_sinr": 4.61583, "max_sinr": 256.0}
{"time": 86, "f(x)": 11.43093, "median_sinr": 0.33557, "mean_sinr": 4.67039, "max_sinr": 256.0}
{"time": 88, "f(x)": 11.23473, "median_sinr": 0.30374, "mean_sinr": 3.97848, "max_sinr": 256.0}
{"time": 90, "f(x)": 10.30708, "median_sinr": 0.32055, "mean_sinr": 4.42999, "max_sinr": 256.0}
{"time": 92, "f(x)": 10.59625, "median_sinr": 0.30536, "mean_sinr": 4.69563, "max_sinr": 256.0}
{"time": 94, "f(x)": 10.27993, "median_sinr": 0.20227, "mean_sinr": 4.47236, "max_sinr": 256.0}
{"time": 96, "f(x)": 9.63567, "median_sinr": 0.25934, "mean_sinr": 3.13735, "max_sinr": 256.0}
{"time": 98, "f(x)": 9.35006, "median_sinr": 0.20651, "mean_sinr": 3.37087, "max_sinr": 256.0}
{"time": 100, "f(x)": 10.78886, "median_sinr": 0.31985, "mean_sinr": 4.01878, "max_sinr": 256.0}
{"time": 102, "f(x)": 10.79495, "median_sinr": 0.30281, "mean_sinr": 3.38864, "max_sinr": 256.0}
{"time": 104, "f(x)": 10.3002, "median_sinr": 0.37949, "mean_sinr": 3.36756, "max_sinr": 256.0}
{"time": 106, "f(x)": 10.16041, "median_sinr": 0.29624, "mean_sinr": 3.33803, "max_sinr": 256.0}
{"time": 108, "f(x)": 11.18909, "median_sinr": 0.37022, "mean_sinr": 4.9537, "max_sinr": 256.0}
{"time": 110, "f(x)": 10.93979, "median_sinr": 0.36193, "mean_sinr": 4.49793, "max_sinr": 256.0}
{"time": 112, "f(x)": 11.01723, "median_sinr": 0.3529, "mean_sinr": 3.74284, "max_sinr": 256.0}
{"time": 114, "f(x)": 10.91692, "median_sinr": 0.43925, "mean_sinr": 3.69043, "max_sinr": 256.0}
{"time": 116, "f(x)": 10.55369, "median_sinr": 0.349, "mean_sinr": 3.53458, "max_sinr": 256.0}
{"time": 118, "f(x)": 10.54518, "median_sinr": 0.3245, "mean_sinr": 5.19384, "max_sinr": 256.0}
{"time": 120, "f(x)": 10.63508, "median_sinr": 0.4432, "mean_sinr": 6.31843, "max_sinr": 256.0}
{"time": 122, "f(x)": 9.68068, "median_sinr": 0.3466, "mean_sinr": 6.68096, "max_sinr": 256.0}
{"time": 124, "f(x)": 9.96341, "median_sinr": 0.33234, "mean_sinr": 5.48967, "max_sinr": 256.0}
{"time": 126, "f(x)": 10.15795, "median_sinr": 0.26371, "mean_sinr": 4.92416, "max_sinr": 256.0}
{"time": 128, "f(x)": 10.69758, "median_sinr": 0.31504, "mean_sinr": 5.68183, "max_sinr": 256.0}
{"time": 130, "f(x)": 11.13163, "median_sinr": 0.38598, "mean_sinr": 5.21244, "max_sinr": 256.0}
{"time": 132, "f(x)": 11.18819, "median_sinr": 0.45533, "mean_sinr": 5.76516, "max_sinr": 256.0}
{"time": 134, "f(x)": 11.28517, "median_sinr": 0.49155, "mean_sinr": 5.24467, "max_sinr": 256.0}
{"time": 136, "f(x)": 11.16676, "median_sinr": 0.46922, "mean_sinr": 4.99158, "max_sinr": 256.0}
{"time": 138, "f(x)": 11.20215, "median_sinr": 0.48584, "mean_sinr": 5.29173, "max_sinr": 256.0}
{"time": 140, "f(x)": 11.13171, "median_sinr": 0.52535, "mean_sinr": 5.51925, "max_sinr": 256.0}
{"time": 142, "f(x)": 11.14088, "median_sinr": 0.45618, "mean_sinr": 5.6113, "max_sinr": 256.0}
{"time": 144, "f(x)": 10.92013, "median_sinr": 0.44081, "mean_sinr": 4.84665, "max_sinr": 256.0}
{"time": 146, "f(x)": 10.6697, "median_sinr": 0.43611, "mean_sinr": 5.26675, "max_sinr": 256.0}
{"time": 148, "f(x)": 10.65861, "median_sinr": 0.42941, "mean_sinr": 4.76107, "max_sinr": 256.0}
{"time": 150, "f(x)": 11.08016, "median_sinr": 0.42848, "mean_sinr": 5.27279, "max_sinr": 256.0}
{"time": 152, "f(x)": 10.77211, "median_sinr": 0.39049, "mean_sinr": 4.35798, "max_sinr": 256.0}
{"time": 154, "f(x)": 10.39213, "median_sinr": 0.34554, "mean_sinr": 4.0878, "max_sinr": 256.0}
{"time": 156, "f(x)": 10.57003, "median_sinr": 0.42401, "mean_sinr": 5.86484, "max_sinr": 256.0}
{"time": 158, "f(x)": 10.81624, "median_sinr": 0.376, "mean_sinr": 5.60365, "max_sinr": 256.0}
{"time": 160, "f(x)": 10.97602, "median_sinr": 0.4534, "mean_sinr": 5.05535, "max_sinr": 256.0}
{"time": 162, "f(x)": 9.96295, "median_sinr": 0.27628, "mean_sinr": 3.99702, "max_sinr": 256.0}
{"time": 164, "f(x)": 10.03603, "median_sinr": 0.28164, "mean_sinr": 4.73341, "max_sinr": 256.0}
{"time": 166, "f(x)": 10.6506, "median_sinr": 0.31354, "mean_sinr": 3.98593, "max_sinr": 256.0}
{"time": 168,