{"time": 2, "f(x)": 5.51466, "median_sinr": 0.00471, "mean_sinr": 1.5066, "max_sinr": 256.0}
{"time": 4, "f(x)": 9.21982, "median_sinr": 0.01509, "mean_sinr": 1.18715, "max_sinr": 256.0}
{"time": 6, "f(x)": 7.63078, "median_sinr": 0.00534, "mean_sinr": 1.35562, "max_sinr": 256.0}
{"time": 8, "f(x)": 9.73274, "median_sinr": 0.0252, "mean_sinr": 0.85053, "max_sinr": 129.828194701195}
{"time": 10, "f(x)": 8.79762, "median_sinr": 0.00813, "mean_sinr": 0.48257, "max_sinr": 85.81655852151353}
{"time": 12, "f(x)": 7.9966, "median_sinr": 0.01428, "mean_sinr": 1.30777, "max_sinr": 256.0}
{"time": 14, "f(x)": 7.08646, "median_sinr": 0.00268, "mean_sinr": 0.34873, "max_sinr": 61.2311400444086}
{"time": 16, "f(x)": 9.99099, "median_sinr": 0.01927, "mean_sinr": 0.72874, "max_sinr": 63.41715955924873}
{"time": 18, "f(x)": 9.31925, "median_sinr": 0.03362, "mean_sinr": 1.92091, "max_sinr": 256.0}
{"time": 20, "f(x)": 10.51639, "median_sinr": 0.15185, "mean_sinr": 3.09902, "max_sinr": 256.0}
{"time": 22, "f(x)": 5.61721, "median_sinr": 0.0015, "mean_sinr": 0.22365, "max_sinr": 131.81605746840435}
{"time": 24, "f(x)": 9.8931, "median_sinr": 0.02846, "mean_sinr": 1.51801, "max_sinr": 250.6696042234486}
{"time": 26, "f(x)": 7.46576, "median_sinr": 0.00764, "mean_sinr": 0.68416, "max_sinr": 256.0}
{"time": 28, "f(x)": 7.45376, "median_sinr": 0.00616, "mean_sinr": 2.10068, "max_sinr": 256.0}
{"time": 30, "f(x)": 8.16951, "median_sinr": 0.0162, "mean_sinr": 1.41603, "max_sinr": 256.0}
{"time": 32, "f(x)": 10.18445, "median_sinr": 0.11474, "mean_sinr": 3.82786, "max_sinr": 256.0}
{"time": 34, "f(x)": 10.36782, "median_sinr": 0.30703, "mean_sinr": 4.8278, "max_sinr": 256.0}
{"time": 36, "f(x)": 11.19553, "median_sinr": 0.46987, "mean_sinr": 4.9964, "max_sinr": 256.0}
{"time": 38, "f(x)": 11.42114, "median_sinr": 0.42947, "mean_sinr": 5.07928, "max_sinr": 256.0}
{"time": 40, "f(x)": 11.46385, "median_sinr": 0.47329, "mean_sinr": 4.49627, "max_sinr": 256.0}
{"time": 42, "f(x)": 11.36479, "median_sinr": 0.43816, "mean_sinr": 5.14125, "max_sinr": 256.0}
{"time": 44, "f(x)": 10.85293, "median_sinr": 0.38653, "mean_sinr": 4.29852, "max_sinr": 256.0}
{"time": 46, "f(x)": 11.28416, "median_sinr": 0.44027, "mean_sinr": 4.98, "max_sinr": 256.0}
{"time": 48, "f(x)": 11.08966, "median_sinr": 0.43304, "mean_sinr": 5.42079, "max_sinr": 256.0}
{"time": 50, "f(x)": 11.19636, "median_sinr": 0.42253, "mean_sinr": 6.24462, "max_sinr": 256.0}
{"time": 52, "f(x)": 11.12334, "median_sinr": 0.40204, "mean_sinr": 6.15107, "max_sinr": 256.0}
{"time": 54, "f(x)": 11.10573, "median_sinr": 0.41801, "mean_sinr": 6.17003, "max_sinr": 256.0}
{"time": 56, "f(x)": 10.7178, "median_sinr": 0.3874, "mean_sinr": 5.37987, "max_sinr": 256.0}
{"time": 58, "f(x)": 11.04, "median_sinr": 0.40976, "mean_sinr": 5.28578, "max_sinr": 256.0}
{"time": 60, "f(x)": 11.05832, "median_sinr": 0.41702, "mean_sinr": 5.76867, "max_sinr": 256.0}
{"time": 62, "f(x)": 11.0019, "median_sinr": 0.41283, "mean_sinr": 5.97824, "max_sinr": 256.0}
{"time": 64, "f(x)": 10.7717, "median_sinr": 0.34128, "mean_sinr": 5.14699, "max_sinr": 256.0}
{"time": 66, "f(x)": 10.97667, "median_sinr": 0.3882, "mean_sinr": 4.85466, "max_sinr": 256.0}
{"time": 68, "f(x)": 11.03854, "median_sinr": 0.44514, "mean_sinr": 5.31241, "max_sinr": 256.0}
{"time": 70, "f(x)": 10.66676, "median_sinr": 0.39901, "mean_sinr": 4.76187, "max_sinr": 256.0}
{"time": 72, "f(x)": 9.17514, "median_sinr": 0.24789, "mean_sinr": 4.33519, "max_sinr": 256.0}
{"time": 74, "f(x)": 9.67477, "median_sinr": 0.21301, "mean_sinr": 4.6425, "max_sinr": 256.0}
{"time": 76, "f(x)": 10.37251, "median_sinr": 0.26234, "mean_sinr": 4.86328, "max_sinr": 256.0}
{"time": 78, "f(x)": 10.51911, "median_sinr": 0.29523, "mean_sinr": 5.5457, "max_sinr": 256.0}
{"time": 80, "f(x)": 9.7703, "median_sinr": 0.11539, "mean_sinr": 4.26598, "max_sinr": 256.0}
{"time": 82, "f(x)": 10.42024, "median_sinr": 0.21505, "mean_sinr": 5.20552, "max_sinr": 256.0}
{"time": 84, "f(x)": 10.159, "median_sinr": 0.1634, "mean_sinr": 5.16047, "max_sinr": 256.0}
{"time": 86, "f(x)": 10.30916, "median_sinr": 0.28585, "mean_sinr": 4.90584, "max_sinr": 256.0}
{"time": 88, "f(x)": 10.01972, "median_sinr": 0.27491, "mean_sinr": 4.85339, "max_sinr": 256.0}
{"time": 90, "f(x)": 9.82841, "median_sinr": 0.24558, "mean_sinr": 4.49362, "max_sinr": 256.0}
{"time": 92, "f(x)": 10.03572, "median_sinr": 0.26023, "mean_sinr": 5.43919, "max_sinr": 256.0}
{"time": 94, "f(x)": 10.19524, "median_sinr": 0.29008, "mean_sinr": 5.74813, "max_sinr": 256.0}
{"time": 96, "f(x)": 10.03657, "median_sinr": 0.27489, "mean_sinr": 4.89489, "max_sinr": 256.0}
{"time": 98, "f(x)": 10.10266, "median_sinr": 0.26754, "mean_sinr": 4.79517, "max_sinr": 256.0}
{"time": 100, "f(x)": 10.06398, "median_sinr": 0.27524, "mean_sinr": 4.73598, "max_sinr": 256.0}
{"time": 102, "f(x)": 10.19982, "median_sinr": 0.26854, "mean_sinr": 4.78553, "max_sinr": 256.0}
{"time": 104, "f(x)": 10.16176, "median_sinr": 0.27571, "mean_sinr": 5.32906, "max_sinr": 256.0}
{"time": 106, "f(x)": 10.13704, "median_sinr": 0.24449, "mean_sinr": 4.65232, "max_sinr": 256.0}
{"time": 108, "f(x)": 10.21141, "median_sinr": 0.24158, "mean_sinr": 4.59188, "max_sinr": 256.0}
{"time": 110, "f(x)": 10.17465, "median_sinr": 0.25264, "mean_sinr": 5.02494, "max_sinr": 256.0}
{"time": 112, "f(x)": 10.17984, "median_sinr": 0.27003, "mean_sinr": 4.28702, "max_sinr": 256.0}
{"time": 114, "f(x)": 10.25635, "median_sinr": 0.27332, "mean_sinr": 3.11236, "max_sinr": 256.0}
{"time": 116, "f(x)": 10.1377, "median_sinr": 0.23587, "mean_sinr": 3.50469, "max_sinr": 256.0}
{"time": 118, "f(x)": 10.16482, "median_sinr": 0.25254, "mean_sinr": 4.62085, "max_sinr": 256.0}
{"time": 120, "f(x)": 10.40925, "median_sinr": 0.34596, "mean_sinr": 5.22928, "max_sinr": 256.0}
{"time": 122, "f(x)": 10.20044, "median_sinr": 0.27454, "mean_sinr": 4.18407, "max_sinr": 256.0}
{"time": 124, "f(x)": 10.18377, "median_sinr": 0.2505, "mean_sinr": 4.4817, "max_sinr": 256.0}
{"time": 126, "f(x)": 10.24155, "median_sinr": 0.32066, "mean_sinr": 4.52862, "max_sinr": 256.0}
{"time": 128, "f(x)": 10.50681, "median_sinr": 0.31029, "mean_sinr": 4.72916, "max_sinr": 256.0}
{"time": 130, "f(x)": 10.31487, "median_sinr": 0.28019, "mean_sinr": 4.35195, "max_sinr": 256.0}
{"time": 132, "f(x)": 10.28125, "median_sinr": 0.25994, "mean_sinr": 4.55903, "max_sinr": 256.0}
{"time": 134, "f(x)": 10.53857, "median_sinr": 0.24165, "mean_sinr": 4.6408, "max_sinr": 256.0}
{"time": 136, "f(x)": 10.69021, "median_sinr": 0.28975, "mean_sinr": 4.33432, "max_sinr": 256.0}
{"time": 138, "f(x)": 7.77705, "median_sinr": 0.10777, "mean_sinr": 3.19953, "max_sinr": 256.0}
{"time": 140, "f(x)": 9.44207, "median_sinr": 0.16411, "mean_sinr": 3.56618, "max_sinr": 256.0}
{"time": 142, "f(x)": 10.72032, "median_sinr": 0.31433, "mean_sinr": 4.1158, "max_sinr": 256.0}
{"time": 144, "f(x)": 10.83782, "median_sinr": 0.32983, "mean_sinr": 3.3983, "max_sinr": 256.0}
{"time": 146, "f(x)": 10.7569, "median_sinr": 0.33122, "mean_sinr": 3.62983, "max_sinr": 256.0}
{"time": 148, "f(x)": 10.73807, "median_sinr": 0.32416, "mean_sinr": 4.71864, "max_sinr": 256.0}
{"time": 150, "f(x)": 10.8912, "median_sinr": 0.34096, "mean_sinr": 3.92213, "max_sinr": 256.0}
{"time": 152, "f(x)": 10.77384, "median_sinr": 0.32874, "mean_sinr": 3.63529, "max_sinr": 256.0}
{"time": 154, "f(x)": 10.24627, "median_sinr": 0.28571, "mean_sinr": 3.46712, "max_sinr": 256.0}
{"time": 156, "f(x)": 10.82669, "median_sinr": 0.33881, "mean_sinr": 4.12947, "max_sinr": 256.0}
{"time": 158, "f(x)": 10.72508, "median_sinr": 0.34134, "mean_sinr": 4.44835, "max_sinr": 256.0}
{"time": 160, "f(x)": 10.71098, "median_sinr": 0.34539, "mean_sinr": 3.97856, "max_sinr": 256.0}
{"time": 162, "f(x)": 10.48986, "median_sinr": 0.32086, "mean_sinr": 5.04338, "max_sinr": 256.0}
{"time": 164, "f(x)": 10.48368, "median_sinr": 0.28241, "mean_sinr": 4.49459, "max_sinr": 256.0}
{"time": 166, "f(x)": 10.75775, "median_sinr": 0.36383, "mean_sinr": 4.62495,