{"time": 2, "f(x)": 7.38444, "median_sinr": 0.07452, "mean_sinr": 2.43987, "max_sinr": 256.0}
{"time": 4, "f(x)": 7.33122, "median_sinr": 0.08086, "mean_sinr": 2.42044, "max_sinr": 256.0}
{"time": 6, "f(x)": 7.33135, "median_sinr": 0.07801, "mean_sinr": 2.45078, "max_sinr": 256.0}
{"time": 8, "f(x)": 7.3395, "median_sinr": 0.07539, "mean_sinr": 2.64158, "max_sinr": 256.0}
{"time": 10, "f(x)": 7.35561, "median_sinr": 0.07741, "mean_sinr": 2.94281, "max_sinr": 256.0}
{"time": 12, "f(x)": 7.2411, "median_sinr": 0.076, "mean_sinr": 2.58109, "max_sinr": 256.0}
{"time": 14, "f(x)": 7.24491, "median_sinr": 0.0728, "mean_sinr": 2.45774, "max_sinr": 256.0}
{"time": 16, "f(x)": 7.29839, "median_sinr": 0.07404, "mean_sinr": 2.55236, "max_sinr": 256.0}
{"time": 18, "f(x)": 7.35811, "median_sinr": 0.07072, "mean_sinr": 2.57474, "max_sinr": 256.0}
{"time": 20, "f(x)": 7.38716, "median_sinr": 0.07268, "mean_sinr": 2.38831, "max_sinr": 256.0}
{"time": 22, "f(x)": 7.27799, "median_sinr": 0.07581, "mean_sinr": 2.38081, "max_sinr": 256.0}
{"time": 24, "f(x)": 7.31585, "median_sinr": 0.07409, "mean_sinr": 2.51694, "max_sinr": 256.0}
{"time": 26, "f(x)": 7.36522, "median_sinr": 0.07657, "mean_sinr": 2.83487, "max_sinr": 256.0}
{"time": 28, "f(x)": 7.3716, "median_sinr": 0.07675, "mean_sinr": 3.06957, "max_sinr": 256.0}
{"time": 30, "f(x)": 7.40093, "median_sinr": 0.07818, "mean_sinr": 3.33084, "max_sinr": 256.0}
{"time": 32, "f(x)": 7.38377, "median_sinr": 0.07858, "mean_sinr": 3.232, "max_sinr": 256.0}
{"time": 34, "f(x)": 7.35114, "median_sinr": 0.0751, "mean_sinr": 3.18707, "max_sinr": 256.0}
{"time": 36, "f(x)": 7.34567, "median_sinr": 0.07612, "mean_sinr": 3.16487, "max_sinr": 256.0}
{"time": 38, "f(x)": 7.40633, "median_sinr": 0.07691, "mean_sinr": 2.6268, "max_sinr": 256.0}
{"time": 40, "f(x)": 7.35128, "median_sinr": 0.07714, "mean_sinr": 2.55061, "max_sinr": 256.0}
{"time": 42, "f(x)": 7.40838, "median_sinr": 0.07501, "mean_sinr": 2.72116, "max_sinr": 256.0}
{"time": 44, "f(x)": 7.35589, "median_sinr": 0.07849, "mean_sinr": 2.3078, "max_sinr": 256.0}
{"time": 46, "f(x)": 7.36622, "median_sinr": 0.08079, "mean_sinr": 2.07841, "max_sinr": 256.0}
{"time": 48, "f(x)": 7.34563, "median_sinr": 0.08429, "mean_sinr": 2.03618, "max_sinr": 256.0}
{"time": 50, "f(x)": 7.36234, "median_sinr": 0.08089, "mean_sinr": 2.33691, "max_sinr": 256.0}
{"time": 52, "f(x)": 7.37193, "median_sinr": 0.08464, "mean_sinr": 2.52448, "max_sinr": 256.0}
{"time": 54, "f(x)": 7.39985, "median_sinr": 0.08211, "mean_sinr": 2.32593, "max_sinr": 256.0}
{"time": 56, "f(x)": 7.40964, "median_sinr": 0.08136, "mean_sinr": 2.17801, "max_sinr": 256.0}
{"time": 58, "f(x)": 7.37887, "median_sinr": 0.08466, "mean_sinr": 2.05958, "max_sinr": 256.0}
{"time": 60, "f(x)": 7.30686, "median_sinr": 0.08204, "mean_sinr": 2.51472, "max_sinr": 256.0}
{"time": 62, "f(x)": 7.36322, "median_sinr": 0.08373, "mean_sinr": 2.46199, "max_sinr": 256.0}
{"time": 64, "f(x)": 7.38824, "median_sinr": 0.08112, "mean_sinr": 2.16086, "max_sinr": 256.0}
{"time": 66, "f(x)": 7.36711, "median_sinr": 0.08166, "mean_sinr": 2.22666, "max_sinr": 256.0}
{"time": 68, "f(x)": 7.38201, "median_sinr": 0.08227, "mean_sinr": 2.22515, "max_sinr": 256.0}
{"time": 70, "f(x)": 7.34346, "median_sinr": 0.08456, "mean_sinr": 2.11321, "max_sinr": 256.0}
{"time": 72, "f(x)": 7.34349, "median_sinr": 0.0809, "mean_sinr": 1.63614, "max_sinr": 256.0}
{"time": 74, "f(x)": 7.28643, "median_sinr": 0.07998, "mean_sinr": 1.75398, "max_sinr": 256.0}
{"time": 76, "f(x)": 7.28559, "median_sinr": 0.07889, "mean_sinr": 1.56891, "max_sinr": 256.0}
{"time": 78, "f(x)": 7.33799, "median_sinr": 0.07693, "mean_sinr": 1.83425, "max_sinr": 256.0}
{"time": 80, "f(x)": 7.39499, "median_sinr": 0.07895, "mean_sinr": 1.84279, "max_sinr": 256.0}
{"time": 82, "f(x)": 7.38324, "median_sinr": 0.07672, "mean_sinr": 1.93871, "max_sinr": 256.0}
{"time": 84, "f(x)": 7.33505, "median_sinr": 0.07703, "mean_sinr": 1.96755, "max_sinr": 256.0}
{"time": 86, "f(x)": 7.34291, "median_sinr": 0.07608, "mean_sinr": 2.09179, "max_sinr": 256.0}
{"time": 88, "f(x)": 7.37612, "median_sinr": 0.07567, "mean_sinr": 2.40753, "max_sinr": 256.0}
{"time": 90, "f(x)": 7.32028, "median_sinr": 0.07822, "mean_sinr": 2.83868, "max_sinr": 256.0}
{"time": 92, "f(x)": 7.32053, "median_sinr": 0.07774, "mean_sinr": 3.27623, "max_sinr": 256.0}
{"time": 94, "f(x)": 7.35002, "median_sinr": 0.07429, "mean_sinr": 3.11121, "max_sinr": 256.0}
{"time": 96, "f(x)": 7.2986, "median_sinr": 0.07538, "mean_sinr": 2.34938, "max_sinr": 256.0}
{"time": 98, "f(x)": 7.29585, "median_sinr": 0.07361, "mean_sinr": 2.15703, "max_sinr": 256.0}
{"time": 100, "f(x)": 7.34274, "median_sinr": 0.07758, "mean_sinr": 2.44871, "max_sinr": 256.0}
{"time": 102, "f(x)": 7.35839, "median_sinr": 0.07681, "mean_sinr": 1.82339, "max_sinr": 256.0}
{"time": 104, "f(x)": 7.3419, "median_sinr": 0.07573, "mean_sinr": 1.78654, "max_sinr": 256.0}
{"time": 106, "f(x)": 7.33441, "median_sinr": 0.07689, "mean_sinr": 1.85655, "max_sinr": 256.0}
{"time": 108, "f(x)": 7.31965, "median_sinr": 0.07619, "mean_sinr": 2.23227, "max_sinr": 256.0}
{"time": 110, "f(x)": 7.30784, "median_sinr": 0.07295, "mean_sinr": 2.61627, "max_sinr": 256.0}
{"time": 112, "f(x)": 7.32017, "median_sinr": 0.0751, "mean_sinr": 1.98915, "max_sinr": 256.0}
{"time": 114, "f(x)": 7.37429, "median_sinr": 0.07394, "mean_sinr": 1.9719, "max_sinr": 256.0}
{"time": 116, "f(x)": 7.32215, "median_sinr": 0.07841, "mean_sinr": 1.97358, "max_sinr": 256.0}
{"time": 118, "f(x)": 7.30689, "median_sinr": 0.0759, "mean_sinr": 2.50101, "max_sinr": 256.0}
{"time": 120, "f(x)": 7.30256, "median_sinr": 0.07646, "mean_sinr": 2.6164, "max_sinr": 256.0}
{"time": 122, "f(x)": 7.29049, "median_sinr": 0.07619, "mean_sinr": 2.68872, "max_sinr": 256.0}
{"time": 124, "f(x)": 7.3617, "median_sinr": 0.07553, "mean_sinr": 2.64372, "max_sinr": 256.0}
{"time": 126, "f(x)": 7.36864, "median_sinr": 0.07453, "mean_sinr": 2.74794, "max_sinr": 256.0}
{"time": 128, "f(x)": 7.38411, "median_sinr": 0.07348, "mean_sinr": 2.83491, "max_sinr": 256.0}
{"time": 130, "f(x)": 7.28379, "median_sinr": 0.07062, "mean_sinr": 3.14219, "max_sinr": 256.0}
{"time": 132, "f(x)": 7.27198, "median_sinr": 0.07371, "mean_sinr": 3.42996, "max_sinr": 256.0}
{"time": 134, "f(x)": 7.33983, "median_sinr": 0.07561, "mean_sinr": 3.8815, "max_sinr": 256.0}
{"time": 136, "f(x)": 7.37334, "median_sinr": 0.07677, "mean_sinr": 3.04194, "max_sinr": 256.0}
{"time": 138, "f(x)": 7.25538, "median_sinr": 0.07402, "mean_sinr": 2.74334, "max_sinr": 256.0}
{"time": 140, "f(x)": 7.29695, "median_sinr": 0.07585, "mean_sinr": 2.74731, "max_sinr": 256.0}
{"time": 142, "f(x)": 7.2599, "median_sinr": 0.07387, "mean_sinr": 2.90053, "max_sinr": 256.0}
{"time": 144, "f(x)": 7.34006, "median_sinr": 0.07395, "mean_sinr": 2.68667, "max_sinr": 256.0}
{"time": 146, "f(x)": 7.33867, "median_sinr": 0.07531, "mean_sinr": 2.3091, "max_sinr": 256.0}
{"time": 148, "f(x)": 7.30935, "median_sinr": 0.07308, "mean_sinr": 2.27403, "max_sinr": 256.0}
{"time": 150, "f(x)": 7.29805, "median_sinr": 0.07388, "mean_sinr": 2.59826, "max_sinr": 256.0}
{"time": 152, "f(x)": 7.25019, "median_sinr": 0.07135, "mean_sinr": 2.28843, "max_sinr": 256.0}
{"time": 154, "f(x)": 7.28952, "median_sinr": 0.07294, "mean_sinr": 2.33442, "max_sinr": 256.0}
{"time": 156, "f(x)": 7.37779, "median_sinr": 0.07497, "mean_sinr": 2.68632, "max_sinr": 256.0}
{"time": 158, "f(x)": 7.33049, "median_sinr": 0.07361, "mean_sinr": 2.12966, "max_sinr": 256.0}
{"time": 160, "f(x)": 7.30587, "median_sinr": 0.0729, "mean_sinr": 2.09976, "max_sinr": 256.0}
{"time": 162, "f(x)": 7.39601, "median_sinr": 0.07471, "mean_sinr": 2.3972, "max_sinr": 256.0}
{"time": 164, "f(x)": 7.3256, "median_sinr": 0.07169, "mean_sinr": 2.22157, "max_sinr": 256.0}
{"time": 166, "f(x)": 7.30901, "median_sinr": 0.0715, "mean_sinr": 2.36199, "max_sinr": 256.0}
{"time": 168, "f(x)": 7.24213, "median_sinr": 0.07208, "mean_sinr": 2.4029, "max_sinr": 256.0}
{"time": 170,