{"time": 2, "f(x)": 7.81752, "median_sinr": 0.06972, "mean_sinr": 1.44137, "max_sinr": 256.0}
{"time": 4, "f(x)": 7.71049, "median_sinr": 0.06589, "mean_sinr": 1.48972, "max_sinr": 256.0}
{"time": 6, "f(x)": 7.69342, "median_sinr": 0.0643, "mean_sinr": 1.48462, "max_sinr": 256.0}
{"time": 8, "f(x)": 7.70516, "median_sinr": 0.06146, "mean_sinr": 1.66175, "max_sinr": 256.0}
{"time": 10, "f(x)": 7.75148, "median_sinr": 0.06434, "mean_sinr": 1.77376, "max_sinr": 256.0}
{"time": 12, "f(x)": 7.70684, "median_sinr": 0.06473, "mean_sinr": 1.7919, "max_sinr": 256.0}
{"time": 14, "f(x)": 7.69733, "median_sinr": 0.06043, "mean_sinr": 1.53911, "max_sinr": 256.0}
{"time": 16, "f(x)": 7.73625, "median_sinr": 0.06304, "mean_sinr": 1.92002, "max_sinr": 256.0}
{"time": 18, "f(x)": 7.70737, "median_sinr": 0.06115, "mean_sinr": 1.76519, "max_sinr": 247.09723238465497}
{"time": 20, "f(x)": 7.79815, "median_sinr": 0.06823, "mean_sinr": 1.65627, "max_sinr": 256.0}
{"time": 22, "f(x)": 7.63577, "median_sinr": 0.06096, "mean_sinr": 1.34388, "max_sinr": 191.54672741753058}
{"time": 24, "f(x)": 7.61088, "median_sinr": 0.06198, "mean_sinr": 1.56191, "max_sinr": 256.0}
{"time": 26, "f(x)": 7.64988, "median_sinr": 0.06549, "mean_sinr": 1.8278, "max_sinr": 256.0}
{"time": 28, "f(x)": 7.70309, "median_sinr": 0.06715, "mean_sinr": 1.95334, "max_sinr": 256.0}
{"time": 30, "f(x)": 7.72097, "median_sinr": 0.06739, "mean_sinr": 2.01066, "max_sinr": 256.0}
{"time": 32, "f(x)": 7.68811, "median_sinr": 0.06537, "mean_sinr": 2.14767, "max_sinr": 256.0}
{"time": 34, "f(x)": 7.66264, "median_sinr": 0.0647, "mean_sinr": 2.10223, "max_sinr": 256.0}
{"time": 36, "f(x)": 7.6818, "median_sinr": 0.06728, "mean_sinr": 2.26312, "max_sinr": 256.0}
{"time": 38, "f(x)": 7.72958, "median_sinr": 0.06828, "mean_sinr": 1.68019, "max_sinr": 256.0}
{"time": 40, "f(x)": 7.60453, "median_sinr": 0.06536, "mean_sinr": 1.68129, "max_sinr": 256.0}
{"time": 42, "f(x)": 7.67717, "median_sinr": 0.06567, "mean_sinr": 1.7042, "max_sinr": 256.0}
{"time": 44, "f(x)": 7.59479, "median_sinr": 0.06325, "mean_sinr": 1.41752, "max_sinr": 256.0}
{"time": 46, "f(x)": 7.66685, "median_sinr": 0.06471, "mean_sinr": 1.35849, "max_sinr": 256.0}
{"time": 48, "f(x)": 7.58805, "median_sinr": 0.06227, "mean_sinr": 1.44284, "max_sinr": 256.0}
{"time": 50, "f(x)": 7.62741, "median_sinr": 0.06054, "mean_sinr": 1.50688, "max_sinr": 256.0}
{"time": 52, "f(x)": 7.61333, "median_sinr": 0.06245, "mean_sinr": 1.39151, "max_sinr": 256.0}
{"time": 54, "f(x)": 7.58429, "median_sinr": 0.06196, "mean_sinr": 1.69964, "max_sinr": 256.0}
{"time": 56, "f(x)": 7.61758, "median_sinr": 0.06277, "mean_sinr": 1.71963, "max_sinr": 256.0}
{"time": 58, "f(x)": 7.60928, "median_sinr": 0.06391, "mean_sinr": 1.37379, "max_sinr": 256.0}
{"time": 60, "f(x)": 7.5735, "median_sinr": 0.06172, "mean_sinr": 1.55111, "max_sinr": 256.0}
{"time": 62, "f(x)": 7.56899, "median_sinr": 0.06263, "mean_sinr": 0.99742, "max_sinr": 256.0}
{"time": 64, "f(x)": 7.58728, "median_sinr": 0.06286, "mean_sinr": 1.01673, "max_sinr": 256.0}
{"time": 66, "f(x)": 7.55418, "median_sinr": 0.06233, "mean_sinr": 1.01497, "max_sinr": 256.0}
{"time": 68, "f(x)": 7.57995, "median_sinr": 0.06393, "mean_sinr": 1.34103, "max_sinr": 256.0}
{"time": 70, "f(x)": 7.56428, "median_sinr": 0.0622, "mean_sinr": 1.61764, "max_sinr": 256.0}
{"time": 72, "f(x)": 7.59007, "median_sinr": 0.06271, "mean_sinr": 1.34355, "max_sinr": 256.0}
{"time": 74, "f(x)": 7.4666, "median_sinr": 0.06357, "mean_sinr": 2.46218, "max_sinr": 256.0}
{"time": 76, "f(x)": 7.50647, "median_sinr": 0.06029, "mean_sinr": 1.71978, "max_sinr": 256.0}
{"time": 78, "f(x)": 7.54312, "median_sinr": 0.05985, "mean_sinr": 2.04672, "max_sinr": 256.0}
{"time": 80, "f(x)": 7.58117, "median_sinr": 0.05978, "mean_sinr": 2.11515, "max_sinr": 256.0}
{"time": 82, "f(x)": 7.57523, "median_sinr": 0.06145, "mean_sinr": 1.8868, "max_sinr": 256.0}
{"time": 84, "f(x)": 7.53211, "median_sinr": 0.06209, "mean_sinr": 1.64018, "max_sinr": 256.0}
{"time": 86, "f(x)": 7.58114, "median_sinr": 0.06324, "mean_sinr": 1.61155, "max_sinr": 256.0}
{"time": 88, "f(x)": 7.58017, "median_sinr": 0.06163, "mean_sinr": 1.83729, "max_sinr": 256.0}
{"time": 90, "f(x)": 7.48841, "median_sinr": 0.06027, "mean_sinr": 1.83068, "max_sinr": 256.0}
{"time": 92, "f(x)": 7.4295, "median_sinr": 0.06163, "mean_sinr": 1.90307, "max_sinr": 256.0}
{"time": 94, "f(x)": 7.53169, "median_sinr": 0.06105, "mean_sinr": 2.20669, "max_sinr": 256.0}
{"time": 96, "f(x)": 7.48155, "median_sinr": 0.06146, "mean_sinr": 2.21231, "max_sinr": 256.0}
{"time": 98, "f(x)": 7.42953, "median_sinr": 0.05924, "mean_sinr": 1.93386, "max_sinr": 256.0}
{"time": 100, "f(x)": 7.46552, "median_sinr": 0.06149, "mean_sinr": 2.1654, "max_sinr": 256.0}
{"time": 102, "f(x)": 7.49039, "median_sinr": 0.06206, "mean_sinr": 1.40452, "max_sinr": 256.0}
{"time": 104, "f(x)": 7.51172, "median_sinr": 0.06286, "mean_sinr": 1.68014, "max_sinr": 256.0}
{"time": 106, "f(x)": 7.45837, "median_sinr": 0.05812, "mean_sinr": 1.5079, "max_sinr": 256.0}
{"time": 108, "f(x)": 7.49817, "median_sinr": 0.05819, "mean_sinr": 1.65481, "max_sinr": 256.0}
{"time": 110, "f(x)": 7.4791, "median_sinr": 0.05709, "mean_sinr": 2.10558, "max_sinr": 256.0}
{"time": 112, "f(x)": 7.42221, "median_sinr": 0.05748, "mean_sinr": 2.05088, "max_sinr": 256.0}
{"time": 114, "f(x)": 7.43013, "median_sinr": 0.05622, "mean_sinr": 1.79054, "max_sinr": 256.0}
{"time": 116, "f(x)": 7.40372, "median_sinr": 0.05673, "mean_sinr": 1.72125, "max_sinr": 256.0}
{"time": 118, "f(x)": 7.4436, "median_sinr": 0.05542, "mean_sinr": 2.33272, "max_sinr": 256.0}
{"time": 120, "f(x)": 7.44133, "median_sinr": 0.05617, "mean_sinr": 2.3593, "max_sinr": 256.0}
{"time": 122, "f(x)": 7.39317, "median_sinr": 0.05448, "mean_sinr": 2.77596, "max_sinr": 256.0}
{"time": 124, "f(x)": 7.44001, "median_sinr": 0.0533, "mean_sinr": 2.38044, "max_sinr": 256.0}
{"time": 126, "f(x)": 7.43621, "median_sinr": 0.05578, "mean_sinr": 2.54634, "max_sinr": 256.0}
{"time": 128, "f(x)": 7.49287, "median_sinr": 0.05561, "mean_sinr": 2.67382, "max_sinr": 256.0}
{"time": 130, "f(x)": 7.35228, "median_sinr": 0.05435, "mean_sinr": 2.84094, "max_sinr": 256.0}
{"time": 132, "f(x)": 7.29137, "median_sinr": 0.05444, "mean_sinr": 3.01025, "max_sinr": 256.0}
{"time": 134, "f(x)": 7.3325, "median_sinr": 0.05297, "mean_sinr": 3.33971, "max_sinr": 256.0}
{"time": 136, "f(x)": 7.4164, "median_sinr": 0.05455, "mean_sinr": 2.9354, "max_sinr": 256.0}
{"time": 138, "f(x)": 7.32222, "median_sinr": 0.0523, "mean_sinr": 2.85444, "max_sinr": 256.0}
{"time": 140, "f(x)": 7.33929, "median_sinr": 0.05443, "mean_sinr": 2.65225, "max_sinr": 256.0}
{"time": 142, "f(x)": 7.33908, "median_sinr": 0.05153, "mean_sinr": 3.04986, "max_sinr": 256.0}
{"time": 144, "f(x)": 7.39526, "median_sinr": 0.05493, "mean_sinr": 2.10467, "max_sinr": 256.0}
{"time": 146, "f(x)": 7.39411, "median_sinr": 0.0541, "mean_sinr": 2.18542, "max_sinr": 256.0}
{"time": 148, "f(x)": 7.35489, "median_sinr": 0.05553, "mean_sinr": 1.93197, "max_sinr": 256.0}
{"time": 150, "f(x)": 7.37105, "median_sinr": 0.05069, "mean_sinr": 2.45508, "max_sinr": 256.0}
{"time": 152, "f(x)": 7.28175, "median_sinr": 0.0508, "mean_sinr": 2.46357, "max_sinr": 256.0}
{"time": 154, "f(x)": 7.32743, "median_sinr": 0.05174, "mean_sinr": 2.25438, "max_sinr": 256.0}
{"time": 156, "f(x)": 7.35955, "median_sinr": 0.05116, "mean_sinr": 2.62372, "max_sinr": 256.0}
{"time": 158, "f(x)": 7.3132, "median_sinr": 0.04984, "mean_sinr": 2.37883, "max_sinr": 256.0}
{"time": 160, "f(x)": 7.35549, "median_sinr": 0.05155, "mean_sinr": 2.17151, "max_sinr": 256.0}
{"time": 162, "f(x)": 7.36644, "median_sinr": 0.0511, "mean_sinr": 2.32071, "max_sinr": 256.0}
{"time": 164, "f(x)": 7.3718, "median_sinr": 0.04867, "mean_sinr": 2.04817, "max_sinr": 256.0}
{"time": 166, "f(x)": 7.40329, "median_sinr": 0.04987, "mean_sinr": 2.02277, "max_sinr": 256.0}
{"time": 168, "f(x)": 7.32714, "median_sinr": 0.04913, "mean_sinr": 1.9155,