{"time": 2, "f(x)": 8.62478, "median_sinr": 0.08099, "mean_sinr": 1.59793, "max_sinr": 256.0}
{"time": 4, "f(x)": 8.59866, "median_sinr": 0.07942, "mean_sinr": 1.5365, "max_sinr": 256.0}
{"time": 6, "f(x)": 8.50209, "median_sinr": 0.07923, "mean_sinr": 1.58343, "max_sinr": 256.0}
{"time": 8, "f(x)": 8.50232, "median_sinr": 0.0759, "mean_sinr": 1.48578, "max_sinr": 256.0}
{"time": 10, "f(x)": 8.5791, "median_sinr": 0.07746, "mean_sinr": 1.55262, "max_sinr": 256.0}
{"time": 12, "f(x)": 8.49258, "median_sinr": 0.07409, "mean_sinr": 1.7978, "max_sinr": 256.0}
{"time": 14, "f(x)": 8.48433, "median_sinr": 0.07547, "mean_sinr": 1.51497, "max_sinr": 256.0}
{"time": 16, "f(x)": 8.56136, "median_sinr": 0.0775, "mean_sinr": 1.55204, "max_sinr": 256.0}
{"time": 18, "f(x)": 8.52992, "median_sinr": 0.07852, "mean_sinr": 1.28518, "max_sinr": 256.0}
{"time": 20, "f(x)": 8.53927, "median_sinr": 0.078, "mean_sinr": 1.42024, "max_sinr": 256.0}
{"time": 22, "f(x)": 8.407, "median_sinr": 0.0756, "mean_sinr": 1.02759, "max_sinr": 256.0}
{"time": 24, "f(x)": 8.38999, "median_sinr": 0.07704, "mean_sinr": 1.27775, "max_sinr": 256.0}
{"time": 26, "f(x)": 8.43657, "median_sinr": 0.07764, "mean_sinr": 1.37277, "max_sinr": 256.0}
{"time": 28, "f(x)": 8.4316, "median_sinr": 0.08092, "mean_sinr": 1.6323, "max_sinr": 256.0}
{"time": 30, "f(x)": 8.51793, "median_sinr": 0.07865, "mean_sinr": 1.62866, "max_sinr": 256.0}
{"time": 32, "f(x)": 8.55754, "median_sinr": 0.07973, "mean_sinr": 1.6228, "max_sinr": 256.0}
{"time": 34, "f(x)": 8.49832, "median_sinr": 0.07924, "mean_sinr": 1.1085, "max_sinr": 185.72299611771268}
{"time": 36, "f(x)": 8.48106, "median_sinr": 0.08029, "mean_sinr": 1.75412, "max_sinr": 256.0}
{"time": 38, "f(x)": 8.52695, "median_sinr": 0.07954, "mean_sinr": 1.71557, "max_sinr": 256.0}
{"time": 40, "f(x)": 8.47237, "median_sinr": 0.0817, "mean_sinr": 1.59657, "max_sinr": 256.0}
{"time": 42, "f(x)": 8.49794, "median_sinr": 0.08277, "mean_sinr": 1.75646, "max_sinr": 256.0}
{"time": 44, "f(x)": 8.40413, "median_sinr": 0.08372, "mean_sinr": 1.3172, "max_sinr": 256.0}
{"time": 46, "f(x)": 8.43831, "median_sinr": 0.08528, "mean_sinr": 1.2764, "max_sinr": 256.0}
{"time": 48, "f(x)": 8.4517, "median_sinr": 0.08474, "mean_sinr": 1.67862, "max_sinr": 256.0}
{"time": 50, "f(x)": 8.43475, "median_sinr": 0.08286, "mean_sinr": 1.31115, "max_sinr": 256.0}
{"time": 52, "f(x)": 8.36895, "median_sinr": 0.08629, "mean_sinr": 1.38692, "max_sinr": 256.0}
{"time": 54, "f(x)": 8.43259, "median_sinr": 0.08399, "mean_sinr": 1.64919, "max_sinr": 256.0}
{"time": 56, "f(x)": 8.37583, "median_sinr": 0.08499, "mean_sinr": 1.68767, "max_sinr": 256.0}
{"time": 58, "f(x)": 8.40026, "median_sinr": 0.08513, "mean_sinr": 1.34242, "max_sinr": 256.0}
{"time": 60, "f(x)": 8.38981, "median_sinr": 0.08304, "mean_sinr": 1.74927, "max_sinr": 256.0}
{"time": 62, "f(x)": 8.30764, "median_sinr": 0.07831, "mean_sinr": 1.44249, "max_sinr": 256.0}
{"time": 64, "f(x)": 8.33984, "median_sinr": 0.07833, "mean_sinr": 1.56701, "max_sinr": 256.0}
{"time": 66, "f(x)": 8.30952, "median_sinr": 0.07757, "mean_sinr": 1.54152, "max_sinr": 256.0}
{"time": 68, "f(x)": 8.31634, "median_sinr": 0.07782, "mean_sinr": 1.64248, "max_sinr": 256.0}
{"time": 70, "f(x)": 8.26561, "median_sinr": 0.07551, "mean_sinr": 1.65954, "max_sinr": 256.0}
{"time": 72, "f(x)": 8.20948, "median_sinr": 0.07648, "mean_sinr": 1.56364, "max_sinr": 256.0}
{"time": 74, "f(x)": 8.17607, "median_sinr": 0.07472, "mean_sinr": 2.37539, "max_sinr": 256.0}
{"time": 76, "f(x)": 8.20848, "median_sinr": 0.07056, "mean_sinr": 1.72396, "max_sinr": 256.0}
{"time": 78, "f(x)": 8.20288, "median_sinr": 0.07257, "mean_sinr": 2.07201, "max_sinr": 256.0}
{"time": 80, "f(x)": 8.26767, "median_sinr": 0.07461, "mean_sinr": 2.40989, "max_sinr": 256.0}
{"time": 82, "f(x)": 8.18358, "median_sinr": 0.07371, "mean_sinr": 2.37667, "max_sinr": 256.0}
{"time": 84, "f(x)": 8.16522, "median_sinr": 0.07256, "mean_sinr": 2.54115, "max_sinr": 256.0}
{"time": 86, "f(x)": 8.2056, "median_sinr": 0.07358, "mean_sinr": 2.11563, "max_sinr": 256.0}
{"time": 88, "f(x)": 8.22019, "median_sinr": 0.07245, "mean_sinr": 2.20422, "max_sinr": 256.0}
{"time": 90, "f(x)": 8.15723, "median_sinr": 0.07236, "mean_sinr": 2.01643, "max_sinr": 256.0}
{"time": 92, "f(x)": 8.11807, "median_sinr": 0.0741, "mean_sinr": 2.07656, "max_sinr": 256.0}
{"time": 94, "f(x)": 8.14328, "median_sinr": 0.07431, "mean_sinr": 1.98223, "max_sinr": 256.0}
{"time": 96, "f(x)": 8.17199, "median_sinr": 0.07549, "mean_sinr": 1.96121, "max_sinr": 256.0}
{"time": 98, "f(x)": 8.04065, "median_sinr": 0.06987, "mean_sinr": 1.77291, "max_sinr": 256.0}
{"time": 100, "f(x)": 8.04202, "median_sinr": 0.07261, "mean_sinr": 1.90038, "max_sinr": 256.0}
{"time": 102, "f(x)": 8.11182, "median_sinr": 0.07289, "mean_sinr": 1.64255, "max_sinr": 256.0}
{"time": 104, "f(x)": 8.12161, "median_sinr": 0.07076, "mean_sinr": 2.14734, "max_sinr": 256.0}
{"time": 106, "f(x)": 8.08286, "median_sinr": 0.06713, "mean_sinr": 2.23874, "max_sinr": 256.0}
{"time": 108, "f(x)": 8.11241, "median_sinr": 0.06767, "mean_sinr": 1.93541, "max_sinr": 256.0}
{"time": 110, "f(x)": 8.10176, "median_sinr": 0.07252, "mean_sinr": 2.48391, "max_sinr": 256.0}
{"time": 112, "f(x)": 8.12509, "median_sinr": 0.07439, "mean_sinr": 1.70285, "max_sinr": 256.0}
{"time": 114, "f(x)": 8.15711, "median_sinr": 0.0731, "mean_sinr": 1.54756, "max_sinr": 256.0}
{"time": 116, "f(x)": 8.20606, "median_sinr": 0.07396, "mean_sinr": 1.77328, "max_sinr": 256.0}
{"time": 118, "f(x)": 8.24821, "median_sinr": 0.07494, "mean_sinr": 2.01197, "max_sinr": 256.0}
{"time": 120, "f(x)": 8.15394, "median_sinr": 0.07559, "mean_sinr": 2.21149, "max_sinr": 256.0}
{"time": 122, "f(x)": 8.14307, "median_sinr": 0.07603, "mean_sinr": 2.37889, "max_sinr": 256.0}
{"time": 124, "f(x)": 8.17759, "median_sinr": 0.07346, "mean_sinr": 2.63355, "max_sinr": 256.0}
{"time": 126, "f(x)": 8.17005, "median_sinr": 0.07242, "mean_sinr": 2.05731, "max_sinr": 256.0}
{"time": 128, "f(x)": 8.17606, "median_sinr": 0.07191, "mean_sinr": 2.07917, "max_sinr": 256.0}
{"time": 130, "f(x)": 8.12558, "median_sinr": 0.07244, "mean_sinr": 2.75769, "max_sinr": 256.0}
{"time": 132, "f(x)": 8.04126, "median_sinr": 0.06922, "mean_sinr": 2.76275, "max_sinr": 256.0}
{"time": 134, "f(x)": 8.03566, "median_sinr": 0.06779, "mean_sinr": 2.72851, "max_sinr": 256.0}
{"time": 136, "f(x)": 8.09132, "median_sinr": 0.06856, "mean_sinr": 2.41636, "max_sinr": 256.0}
{"time": 138, "f(x)": 7.92776, "median_sinr": 0.06536, "mean_sinr": 1.88493, "max_sinr": 256.0}
{"time": 140, "f(x)": 8.0634, "median_sinr": 0.06999, "mean_sinr": 1.8477, "max_sinr": 256.0}
{"time": 142, "f(x)": 8.04947, "median_sinr": 0.06925, "mean_sinr": 1.82884, "max_sinr": 256.0}
{"time": 144, "f(x)": 8.01374, "median_sinr": 0.06799, "mean_sinr": 1.57051, "max_sinr": 256.0}
{"time": 146, "f(x)": 8.0386, "median_sinr": 0.06745, "mean_sinr": 1.6288, "max_sinr": 256.0}
{"time": 148, "f(x)": 7.99101, "median_sinr": 0.06724, "mean_sinr": 1.97777, "max_sinr": 256.0}
{"time": 150, "f(x)": 7.96307, "median_sinr": 0.06347, "mean_sinr": 1.44759, "max_sinr": 256.0}
{"time": 152, "f(x)": 7.99637, "median_sinr": 0.06405, "mean_sinr": 1.82328, "max_sinr": 256.0}
{"time": 154, "f(x)": 7.9299, "median_sinr": 0.06385, "mean_sinr": 1.87613, "max_sinr": 256.0}
{"time": 156, "f(x)": 7.92864, "median_sinr": 0.06223, "mean_sinr": 1.93646, "max_sinr": 256.0}
{"time": 158, "f(x)": 7.924, "median_sinr": 0.0628, "mean_sinr": 1.78931, "max_sinr": 256.0}
{"time": 160, "f(x)": 7.90293, "median_sinr": 0.06418, "mean_sinr": 1.8136, "max_sinr": 256.0}
{"time": 162, "f(x)": 7.95477, "median_sinr": 0.0626, "mean_sinr": 1.8556, "max_sinr": 256.0}
{"time": 164, "f(x)": 7.84721, "median_sinr": 0.06402, "mean_sinr": 1.63162, "max_sinr": 256.0}
{"time": 166, "f(x)": 7.92848, "median_sinr": 0.06682, "mean_sinr": 1.61825, "max_sinr": 256.0}
{"time": 168, "f(x)": 7.92857, "median_sinr": 0.06353, "mean_sinr": 1.59041,