{"time": 2, "f(x)": 7.88283, "median_sinr": 0.03607, "mean_sinr": 1.76478, "max_sinr": 256.0}
{"time": 4, "f(x)": 7.68772, "median_sinr": 0.0384, "mean_sinr": 1.49054, "max_sinr": 256.0}
{"time": 6, "f(x)": 7.69394, "median_sinr": 0.03659, "mean_sinr": 1.51973, "max_sinr": 256.0}
{"time": 8, "f(x)": 7.71712, "median_sinr": 0.03579, "mean_sinr": 1.44696, "max_sinr": 256.0}
{"time": 10, "f(x)": 7.71224, "median_sinr": 0.03373, "mean_sinr": 1.52493, "max_sinr": 256.0}
{"time": 12, "f(x)": 7.59206, "median_sinr": 0.03539, "mean_sinr": 1.29886, "max_sinr": 256.0}
{"time": 14, "f(x)": 7.61814, "median_sinr": 0.03575, "mean_sinr": 1.34451, "max_sinr": 202.00477877835024}
{"time": 16, "f(x)": 7.65143, "median_sinr": 0.03658, "mean_sinr": 1.38954, "max_sinr": 190.81725811131113}
{"time": 18, "f(x)": 7.6512, "median_sinr": 0.03718, "mean_sinr": 1.353, "max_sinr": 256.0}
{"time": 20, "f(x)": 7.64074, "median_sinr": 0.03619, "mean_sinr": 1.12563, "max_sinr": 166.24991685596902}
{"time": 22, "f(x)": 7.56942, "median_sinr": 0.03778, "mean_sinr": 0.78399, "max_sinr": 79.24691944430644}
{"time": 24, "f(x)": 7.6024, "median_sinr": 0.03836, "mean_sinr": 0.9357, "max_sinr": 95.51182254906004}
{"time": 26, "f(x)": 7.597, "median_sinr": 0.04032, "mean_sinr": 0.99401, "max_sinr": 86.45887276684145}
{"time": 28, "f(x)": 7.61884, "median_sinr": 0.03932, "mean_sinr": 1.24917, "max_sinr": 256.0}
{"time": 30, "f(x)": 7.57478, "median_sinr": 0.03807, "mean_sinr": 1.49495, "max_sinr": 253.42521321799515}
{"time": 32, "f(x)": 7.54771, "median_sinr": 0.03733, "mean_sinr": 1.26953, "max_sinr": 256.0}
{"time": 34, "f(x)": 7.55724, "median_sinr": 0.03546, "mean_sinr": 1.13692, "max_sinr": 120.99742127822908}
{"time": 36, "f(x)": 7.57109, "median_sinr": 0.03704, "mean_sinr": 1.54739, "max_sinr": 256.0}
{"time": 38, "f(x)": 7.64228, "median_sinr": 0.03757, "mean_sinr": 1.45986, "max_sinr": 256.0}
{"time": 40, "f(x)": 7.61678, "median_sinr": 0.03664, "mean_sinr": 1.45118, "max_sinr": 256.0}
{"time": 42, "f(x)": 7.63338, "median_sinr": 0.03565, "mean_sinr": 1.46339, "max_sinr": 256.0}
{"time": 44, "f(x)": 7.59958, "median_sinr": 0.03681, "mean_sinr": 1.29388, "max_sinr": 256.0}
{"time": 46, "f(x)": 7.52071, "median_sinr": 0.03595, "mean_sinr": 1.37339, "max_sinr": 256.0}
{"time": 48, "f(x)": 7.50425, "median_sinr": 0.03693, "mean_sinr": 1.31717, "max_sinr": 256.0}
{"time": 50, "f(x)": 7.50849, "median_sinr": 0.03525, "mean_sinr": 1.83645, "max_sinr": 256.0}
{"time": 52, "f(x)": 7.48392, "median_sinr": 0.03808, "mean_sinr": 2.00684, "max_sinr": 256.0}
{"time": 54, "f(x)": 7.5481, "median_sinr": 0.03733, "mean_sinr": 1.883, "max_sinr": 256.0}
{"time": 56, "f(x)": 7.52874, "median_sinr": 0.03642, "mean_sinr": 1.59005, "max_sinr": 256.0}
{"time": 58, "f(x)": 7.57663, "median_sinr": 0.04087, "mean_sinr": 0.99888, "max_sinr": 176.2474998345519}
{"time": 60, "f(x)": 7.4873, "median_sinr": 0.03602, "mean_sinr": 1.3055, "max_sinr": 256.0}
{"time": 62, "f(x)": 7.41921, "median_sinr": 0.03535, "mean_sinr": 1.71446, "max_sinr": 256.0}
{"time": 64, "f(x)": 7.46689, "median_sinr": 0.03573, "mean_sinr": 1.26021, "max_sinr": 256.0}
{"time": 66, "f(x)": 7.39046, "median_sinr": 0.03643, "mean_sinr": 1.08992, "max_sinr": 256.0}
{"time": 68, "f(x)": 7.43876, "median_sinr": 0.03639, "mean_sinr": 1.54602, "max_sinr": 256.0}
{"time": 70, "f(x)": 7.39298, "median_sinr": 0.03632, "mean_sinr": 1.5037, "max_sinr": 256.0}
{"time": 72, "f(x)": 7.42479, "median_sinr": 0.03722, "mean_sinr": 1.05906, "max_sinr": 215.88078858857918}
{"time": 74, "f(x)": 7.33524, "median_sinr": 0.03691, "mean_sinr": 1.00767, "max_sinr": 203.1023535603111}
{"time": 76, "f(x)": 7.32299, "median_sinr": 0.03688, "mean_sinr": 1.05069, "max_sinr": 162.057477242285}
{"time": 78, "f(x)": 7.37802, "median_sinr": 0.03775, "mean_sinr": 1.50142, "max_sinr": 232.5516048967904}
{"time": 80, "f(x)": 7.4277, "median_sinr": 0.03752, "mean_sinr": 1.73773, "max_sinr": 256.0}
{"time": 82, "f(x)": 7.44494, "median_sinr": 0.03677, "mean_sinr": 1.92454, "max_sinr": 256.0}
{"time": 84, "f(x)": 7.39493, "median_sinr": 0.03594, "mean_sinr": 2.10723, "max_sinr": 256.0}
{"time": 86, "f(x)": 7.38544, "median_sinr": 0.0367, "mean_sinr": 1.66411, "max_sinr": 256.0}
{"time": 88, "f(x)": 7.43825, "median_sinr": 0.03725, "mean_sinr": 1.79685, "max_sinr": 256.0}
{"time": 90, "f(x)": 7.37961, "median_sinr": 0.03639, "mean_sinr": 2.33767, "max_sinr": 256.0}
{"time": 92, "f(x)": 7.32117, "median_sinr": 0.03546, "mean_sinr": 2.44661, "max_sinr": 256.0}
{"time": 94, "f(x)": 7.35802, "median_sinr": 0.03628, "mean_sinr": 2.28029, "max_sinr": 256.0}
{"time": 96, "f(x)": 7.35759, "median_sinr": 0.03651, "mean_sinr": 2.18647, "max_sinr": 256.0}
{"time": 98, "f(x)": 7.30514, "median_sinr": 0.03366, "mean_sinr": 2.03044, "max_sinr": 256.0}
{"time": 100, "f(x)": 7.3382, "median_sinr": 0.03699, "mean_sinr": 1.99673, "max_sinr": 256.0}
{"time": 102, "f(x)": 7.40225, "median_sinr": 0.03753, "mean_sinr": 1.96434, "max_sinr": 256.0}
{"time": 104, "f(x)": 7.4345, "median_sinr": 0.03779, "mean_sinr": 2.19042, "max_sinr": 256.0}
{"time": 106, "f(x)": 7.33522, "median_sinr": 0.03669, "mean_sinr": 2.11202, "max_sinr": 256.0}
{"time": 108, "f(x)": 7.33276, "median_sinr": 0.03433, "mean_sinr": 2.04597, "max_sinr": 256.0}
{"time": 110, "f(x)": 7.33723, "median_sinr": 0.03579, "mean_sinr": 2.30895, "max_sinr": 256.0}
{"time": 112, "f(x)": 7.30311, "median_sinr": 0.03762, "mean_sinr": 1.56342, "max_sinr": 256.0}
{"time": 114, "f(x)": 7.34894, "median_sinr": 0.03614, "mean_sinr": 1.53719, "max_sinr": 256.0}
{"time": 116, "f(x)": 7.28506, "median_sinr": 0.03792, "mean_sinr": 1.40789, "max_sinr": 256.0}
{"time": 118, "f(x)": 7.28846, "median_sinr": 0.03561, "mean_sinr": 1.82494, "max_sinr": 256.0}
{"time": 120, "f(x)": 7.29499, "median_sinr": 0.03968, "mean_sinr": 2.30931, "max_sinr": 256.0}
{"time": 122, "f(x)": 7.24687, "median_sinr": 0.03419, "mean_sinr": 2.18736, "max_sinr": 256.0}
{"time": 124, "f(x)": 7.28616, "median_sinr": 0.03528, "mean_sinr": 2.22703, "max_sinr": 256.0}
{"time": 126, "f(x)": 7.33952, "median_sinr": 0.03946, "mean_sinr": 2.13622, "max_sinr": 256.0}
{"time": 128, "f(x)": 7.28826, "median_sinr": 0.03659, "mean_sinr": 2.39171, "max_sinr": 256.0}
{"time": 130, "f(x)": 7.25987, "median_sinr": 0.03669, "mean_sinr": 2.05227, "max_sinr": 256.0}
{"time": 132, "f(x)": 7.20801, "median_sinr": 0.03727, "mean_sinr": 2.79061, "max_sinr": 256.0}
{"time": 134, "f(x)": 7.24161, "median_sinr": 0.03763, "mean_sinr": 2.95261, "max_sinr": 256.0}
{"time": 136, "f(x)": 7.27661, "median_sinr": 0.0402, "mean_sinr": 2.47875, "max_sinr": 256.0}
{"time": 138, "f(x)": 7.20651, "median_sinr": 0.03884, "mean_sinr": 2.17028, "max_sinr": 256.0}
{"time": 140, "f(x)": 7.22157, "median_sinr": 0.03759, "mean_sinr": 2.18981, "max_sinr": 256.0}
{"time": 142, "f(x)": 7.24611, "median_sinr": 0.03626, "mean_sinr": 2.03747, "max_sinr": 256.0}
{"time": 144, "f(x)": 7.2792, "median_sinr": 0.03843, "mean_sinr": 1.96992, "max_sinr": 256.0}
{"time": 146, "f(x)": 7.25802, "median_sinr": 0.0383, "mean_sinr": 1.90968, "max_sinr": 256.0}
{"time": 148, "f(x)": 7.3053, "median_sinr": 0.0383, "mean_sinr": 2.0002, "max_sinr": 256.0}
{"time": 150, "f(x)": 7.27515, "median_sinr": 0.03628, "mean_sinr": 1.75417, "max_sinr": 256.0}
{"time": 152, "f(x)": 7.27858, "median_sinr": 0.03852, "mean_sinr": 1.8245, "max_sinr": 256.0}
{"time": 154, "f(x)": 7.26675, "median_sinr": 0.03755, "mean_sinr": 2.08774, "max_sinr": 256.0}
{"time": 156, "f(x)": 7.2946, "median_sinr": 0.04143, "mean_sinr": 2.11339, "max_sinr": 256.0}
{"time": 158, "f(x)": 7.27057, "median_sinr": 0.04228, "mean_sinr": 1.70778, "max_sinr": 256.0}
{"time": 160, "f(x)": 7.28153, "median_sinr": 0.04056, "mean_sinr": 1.6055, "max_sinr": 256.0}
{"time": 162, "f(x)": 7.28851, "median_sinr": 0.04307, "mean_sinr": 1.64963, "max_sinr": 256.0}
{"time": 164, "f(x)": 7.2484, "median_sinr": 0.04069, "mean_sinr": 1.40876, "max_sinr": 256.0}
{"time": 166, "f(x)": 7.28021,