{"time": 2, "f(x)": 6.03541, "median_sinr": 0.003, "mean_sinr": 1.07418, "max_sinr": 256.0}
{"time": 4, "f(x)": 7.23547, "median_sinr": 0.01037, "mean_sinr": 1.35159, "max_sinr": 256.0}
{"time": 6, "f(x)": 8.33018, "median_sinr": 0.01969, "mean_sinr": 1.41912, "max_sinr": 256.0}
{"time": 8, "f(x)": 10.46671, "median_sinr": 0.03937, "mean_sinr": 2.17248, "max_sinr": 256.0}
{"time": 10, "f(x)": 6.52539, "median_sinr": 0.00688, "mean_sinr": 1.18973, "max_sinr": 256.0}
{"time": 12, "f(x)": 8.60816, "median_sinr": 0.02484, "mean_sinr": 1.8594, "max_sinr": 256.0}
{"time": 14, "f(x)": 6.05572, "median_sinr": 0.0021, "mean_sinr": 1.38958, "max_sinr": 256.0}
{"time": 16, "f(x)": 6.52569, "median_sinr": 0.01818, "mean_sinr": 2.93101, "max_sinr": 256.0}
{"time": 18, "f(x)": 6.98102, "median_sinr": 0.00102, "mean_sinr": 0.60099, "max_sinr": 256.0}
{"time": 20, "f(x)": 10.91869, "median_sinr": 0.01097, "mean_sinr": 2.77828, "max_sinr": 256.0}
{"time": 22, "f(x)": 5.9674, "median_sinr": 0.00926, "mean_sinr": 2.66629, "max_sinr": 256.0}
{"time": 24, "f(x)": 6.11022, "median_sinr": 0.00443, "mean_sinr": 1.24271, "max_sinr": 256.0}
{"time": 26, "f(x)": 7.44678, "median_sinr": 0.01302, "mean_sinr": 0.67312, "max_sinr": 256.0}
{"time": 28, "f(x)": 10.04117, "median_sinr": 0.0664, "mean_sinr": 3.03532, "max_sinr": 256.0}
{"time": 30, "f(x)": 7.94109, "median_sinr": 0.0313, "mean_sinr": 2.50523, "max_sinr": 256.0}
{"time": 32, "f(x)": 5.31839, "median_sinr": 0.00046, "mean_sinr": 0.67898, "max_sinr": 108.96492678675435}
{"time": 34, "f(x)": 5.8937, "median_sinr": 0.00683, "mean_sinr": 1.55715, "max_sinr": 256.0}
{"time": 36, "f(x)": 8.40308, "median_sinr": 0.02689, "mean_sinr": 1.8039, "max_sinr": 256.0}
{"time": 38, "f(x)": 9.49218, "median_sinr": 0.02567, "mean_sinr": 1.61309, "max_sinr": 256.0}
{"time": 40, "f(x)": 8.43027, "median_sinr": 0.01325, "mean_sinr": 1.53233, "max_sinr": 256.0}
{"time": 42, "f(x)": 11.42384, "median_sinr": 0.06584, "mean_sinr": 6.30569, "max_sinr": 256.0}
{"time": 44, "f(x)": 8.24611, "median_sinr": 0.023, "mean_sinr": 2.88359, "max_sinr": 256.0}
{"time": 46, "f(x)": 6.08777, "median_sinr": 0.00363, "mean_sinr": 1.77678, "max_sinr": 256.0}
{"time": 48, "f(x)": 9.12509, "median_sinr": 0.04263, "mean_sinr": 3.8712, "max_sinr": 256.0}
{"time": 50, "f(x)": 7.256, "median_sinr": 0.0101, "mean_sinr": 1.44055, "max_sinr": 256.0}
{"time": 52, "f(x)": 9.69855, "median_sinr": 0.02759, "mean_sinr": 2.48373, "max_sinr": 256.0}
{"time": 54, "f(x)": 9.06502, "median_sinr": 0.01383, "mean_sinr": 0.84286, "max_sinr": 256.0}
{"time": 56, "f(x)": 12.43541, "median_sinr": 0.26455, "mean_sinr": 4.75059, "max_sinr": 256.0}
{"time": 58, "f(x)": 5.15607, "median_sinr": 0.00033, "mean_sinr": 0.57675, "max_sinr": 153.21694850643834}
{"time": 60, "f(x)": 6.81908, "median_sinr": 0.00918, "mean_sinr": 2.24133, "max_sinr": 256.0}
{"time": 62, "f(x)": 6.16768, "median_sinr": 0.01407, "mean_sinr": 1.9479, "max_sinr": 256.0}
{"time": 64, "f(x)": 7.32768, "median_sinr": 0.00215, "mean_sinr": 1.06079, "max_sinr": 256.0}
{"time": 66, "f(x)": 6.56999, "median_sinr": 0.01276, "mean_sinr": 0.64814, "max_sinr": 256.0}
{"time": 68, "f(x)": 7.70312, "median_sinr": 0.00436, "mean_sinr": 1.60617, "max_sinr": 256.0}
{"time": 70, "f(x)": 5.73253, "median_sinr": 0.00052, "mean_sinr": 1.39515, "max_sinr": 256.0}
{"time": 72, "f(x)": 4.51601, "median_sinr": 0.00031, "mean_sinr": 0.9945, "max_sinr": 256.0}
{"time": 74, "f(x)": 8.74002, "median_sinr": 0.03107, "mean_sinr": 1.81542, "max_sinr": 256.0}
{"time": 76, "f(x)": 8.16267, "median_sinr": 0.04285, "mean_sinr": 0.86165, "max_sinr": 256.0}
{"time": 78, "f(x)": 6.99239, "median_sinr": 0.01591, "mean_sinr": 1.30226, "max_sinr": 256.0}
{"time": 80, "f(x)": 11.8183, "median_sinr": 0.02614, "mean_sinr": 1.11985, "max_sinr": 256.0}
{"time": 82, "f(x)": 6.48974, "median_sinr": 0.00389, "mean_sinr": 2.07633, "max_sinr": 256.0}
{"time": 84, "f(x)": 7.00741, "median_sinr": 0.01922, "mean_sinr": 2.34971, "max_sinr": 256.0}
{"time": 86, "f(x)": 6.54153, "median_sinr": 0.02441, "mean_sinr": 2.04994, "max_sinr": 256.0}
{"time": 88, "f(x)": 5.09364, "median_sinr": 0.00365, "mean_sinr": 1.98341, "max_sinr": 256.0}
{"time": 90, "f(x)": 5.8624, "median_sinr": 0.00189, "mean_sinr": 1.54132, "max_sinr": 256.0}
{"time": 92, "f(x)": 6.51372, "median_sinr": 0.00068, "mean_sinr": 1.11188, "max_sinr": 256.0}
{"time": 94, "f(x)": 8.23383, "median_sinr": 0.00615, "mean_sinr": 1.40428, "max_sinr": 256.0}
{"time": 96, "f(x)": 7.80977, "median_sinr": 0.00069, "mean_sinr": 1.524, "max_sinr": 256.0}
{"time": 98, "f(x)": 5.02092, "median_sinr": 0.00028, "mean_sinr": 1.49138, "max_sinr": 256.0}
{"time": 100, "f(x)": 6.37487, "median_sinr": 0.01215, "mean_sinr": 2.00312, "max_sinr": 256.0}
{"time": 102, "f(x)": 7.02147, "median_sinr": 0.02417, "mean_sinr": 1.60268, "max_sinr": 256.0}
{"time": 104, "f(x)": 7.37078, "median_sinr": 0.00745, "mean_sinr": 2.34211, "max_sinr": 256.0}
{"time": 106, "f(x)": 6.61126, "median_sinr": 0.00126, "mean_sinr": 0.76651, "max_sinr": 89.98299949610612}
{"time": 108, "f(x)": 7.7424, "median_sinr": 0.00185, "mean_sinr": 0.87533, "max_sinr": 256.0}
{"time": 110, "f(x)": 17.32098, "median_sinr": 0.26079, "mean_sinr": 6.85252, "max_sinr": 256.0}
{"time": 112, "f(x)": 7.27025, "median_sinr": 0.00888, "mean_sinr": 0.63308, "max_sinr": 256.0}
{"time": 114, "f(x)": 6.20452, "median_sinr": 0.00045, "mean_sinr": 1.22377, "max_sinr": 256.0}
{"time": 116, "f(x)": 5.25707, "median_sinr": 0.00492, "mean_sinr": 1.26023, "max_sinr": 256.0}
{"time": 118, "f(x)": 5.30349, "median_sinr": 0.00081, "mean_sinr": 1.21662, "max_sinr": 256.0}
{"time": 120, "f(x)": 8.08636, "median_sinr": 0.03418, "mean_sinr": 3.78728, "max_sinr": 256.0}
{"time": 122, "f(x)": 5.30121, "median_sinr": 0.00041, "mean_sinr": 2.17009, "max_sinr": 256.0}
{"time": 124, "f(x)": 5.02925, "median_sinr": 0.00178, "mean_sinr": 1.80782, "max_sinr": 256.0}
{"time": 126, "f(x)": 7.48635, "median_sinr": 0.00869, "mean_sinr": 2.62189, "max_sinr": 256.0}
{"time": 128, "f(x)": 6.04196, "median_sinr": 0.00196, "mean_sinr": 2.28936, "max_sinr": 256.0}
{"time": 130, "f(x)": 7.45395, "median_sinr": 0.01812, "mean_sinr": 2.52277, "max_sinr": 256.0}
{"time": 132, "f(x)": 9.84885, "median_sinr": 0.03274, "mean_sinr": 2.79926, "max_sinr": 256.0}
{"time": 134, "f(x)": 7.99475, "median_sinr": 0.00653, "mean_sinr": 2.08031, "max_sinr": 256.0}
{"time": 136, "f(x)": 4.83713, "median_sinr": 0.00014, "mean_sinr": 0.69996, "max_sinr": 256.0}
{"time": 138, "f(x)": 5.30298, "median_sinr": 0.00012, "mean_sinr": 2.90653, "max_sinr": 256.0}
{"time": 140, "f(x)": 6.5644, "median_sinr": 0.00954, "mean_sinr": 1.45014, "max_sinr": 256.0}
{"time": 142, "f(x)": 9.2433, "median_sinr": 0.12237, "mean_sinr": 5.46825, "max_sinr": 256.0}
{"time": 144, "f(x)": 7.05372, "median_sinr": 0.02299, "mean_sinr": 1.78103, "max_sinr": 256.0}
{"time": 146, "f(x)": 5.66788, "median_sinr": 0.0022, "mean_sinr": 1.59653, "max_sinr": 256.0}
{"time": 148, "f(x)": 7.61828, "median_sinr": 0.01841, "mean_sinr": 2.61629, "max_sinr": 256.0}
{"time": 150, "f(x)": 5.82193, "median_sinr": 0.00174, "mean_sinr": 0.96888, "max_sinr": 256.0}
{"time": 152, "f(x)": 4.98469, "median_sinr": 0.00059, "mean_sinr": 0.65241, "max_sinr": 256.0}
{"time": 154, "f(x)": 11.05337, "median_sinr": 0.01117, "mean_sinr": 2.2458, "max_sinr": 256.0}
{"time": 156, "f(x)": 9.89173, "median_sinr": 0.02614, "mean_sinr": 4.26469, "max_sinr": 256.0}
{"time": 158, "f(x)": 6.24667, "median_sinr": 0.00166, "mean_sinr": 1.86358, "max_sinr": 256.0}
{"time": 160, "f(x)": 6.08524, "median_sinr": 0.01078, "mean_sinr": 1.18402, "max_sinr": 256.0}
{"time": 162, "f(x)": 7.02675, "median_sinr": 0.00039, "mean_sinr": 2.33447, "max_sinr": 256.0}
{"time": 164, "f(x)": 8.54496, "median_sinr": 0.00515, "mean_sinr": 2.16654, "max_sinr": 256.0}
{"time": 166, "f(x)": 7.00518, "median_sinr": 0.00091, "mean_sinr": 1.69091, "max_sinr": 256.0}
{"time": 168, "f(x)": 5.2244, "median_sinr": 0.00155,