{"time": 2, "f(x)": 6.03031, "median_sinr": 0.00872, "mean_sinr": 0.52389, "max_sinr": 58.57244401382221}
{"time": 4, "f(x)": 6.77899, "median_sinr": 0.00636, "mean_sinr": 1.0351, "max_sinr": 256.0}
{"time": 6, "f(x)": 9.77141, "median_sinr": 0.00835, "mean_sinr": 4.07331, "max_sinr": 256.0}
{"time": 8, "f(x)": 6.93194, "median_sinr": 0.00649, "mean_sinr": 1.36807, "max_sinr": 256.0}
{"time": 10, "f(x)": 8.19176, "median_sinr": 0.00246, "mean_sinr": 0.83111, "max_sinr": 256.0}
{"time": 12, "f(x)": 11.4027, "median_sinr": 0.00395, "mean_sinr": 2.32618, "max_sinr": 256.0}
{"time": 14, "f(x)": 8.56742, "median_sinr": 0.01341, "mean_sinr": 1.63122, "max_sinr": 256.0}
{"time": 16, "f(x)": 7.69789, "median_sinr": 0.01186, "mean_sinr": 2.26694, "max_sinr": 256.0}
{"time": 18, "f(x)": 5.40809, "median_sinr": 0.00034, "mean_sinr": 0.96156, "max_sinr": 256.0}
{"time": 20, "f(x)": 12.52516, "median_sinr": 0.02451, "mean_sinr": 1.24859, "max_sinr": 203.84831578379053}
{"time": 22, "f(x)": 8.97139, "median_sinr": 0.00817, "mean_sinr": 1.6353, "max_sinr": 256.0}
{"time": 24, "f(x)": 7.01937, "median_sinr": 0.00894, "mean_sinr": 1.32864, "max_sinr": 256.0}
{"time": 26, "f(x)": 7.23102, "median_sinr": 0.05241, "mean_sinr": 3.30845, "max_sinr": 256.0}
{"time": 28, "f(x)": 4.64681, "median_sinr": 0.0007, "mean_sinr": 0.67737, "max_sinr": 256.0}
{"time": 30, "f(x)": 2.68301, "median_sinr": 4e-05, "mean_sinr": 0.74782, "max_sinr": 256.0}
{"time": 32, "f(x)": 6.49105, "median_sinr": 0.00175, "mean_sinr": 1.50464, "max_sinr": 256.0}
{"time": 34, "f(x)": 4.2544, "median_sinr": 0.00027, "mean_sinr": 1.09505, "max_sinr": 256.0}
{"time": 36, "f(x)": 9.03386, "median_sinr": 0.00798, "mean_sinr": 1.61499, "max_sinr": 256.0}
{"time": 38, "f(x)": 11.24895, "median_sinr": 0.00261, "mean_sinr": 1.65237, "max_sinr": 256.0}
{"time": 40, "f(x)": 5.76384, "median_sinr": 0.00075, "mean_sinr": 0.99395, "max_sinr": 256.0}
{"time": 42, "f(x)": 11.96362, "median_sinr": 0.08718, "mean_sinr": 4.02208, "max_sinr": 256.0}
{"time": 44, "f(x)": 8.81943, "median_sinr": 0.00933, "mean_sinr": 2.144, "max_sinr": 256.0}
{"time": 46, "f(x)": 8.16876, "median_sinr": 0.00503, "mean_sinr": 0.85682, "max_sinr": 256.0}
{"time": 48, "f(x)": 5.98922, "median_sinr": 0.00018, "mean_sinr": 2.76628, "max_sinr": 256.0}
{"time": 50, "f(x)": 9.85704, "median_sinr": 0.04904, "mean_sinr": 1.77716, "max_sinr": 256.0}
{"time": 52, "f(x)": 7.28399, "median_sinr": 0.00481, "mean_sinr": 1.65131, "max_sinr": 256.0}
{"time": 54, "f(x)": 5.07559, "median_sinr": 0.00347, "mean_sinr": 1.46921, "max_sinr": 256.0}
{"time": 56, "f(x)": 8.30019, "median_sinr": 0.01019, "mean_sinr": 1.65713, "max_sinr": 256.0}
{"time": 58, "f(x)": 6.26863, "median_sinr": 0.00175, "mean_sinr": 1.61973, "max_sinr": 256.0}
{"time": 60, "f(x)": 7.70001, "median_sinr": 0.00791, "mean_sinr": 1.43839, "max_sinr": 256.0}
{"time": 62, "f(x)": 6.62325, "median_sinr": 0.0067, "mean_sinr": 0.72008, "max_sinr": 256.0}
{"time": 64, "f(x)": 7.45404, "median_sinr": 0.01307, "mean_sinr": 1.81472, "max_sinr": 256.0}
{"time": 66, "f(x)": 6.21581, "median_sinr": 0.00618, "mean_sinr": 1.11096, "max_sinr": 256.0}
{"time": 68, "f(x)": 5.55349, "median_sinr": 0.00164, "mean_sinr": 0.51417, "max_sinr": 256.0}
{"time": 70, "f(x)": 10.19266, "median_sinr": 0.00875, "mean_sinr": 1.85019, "max_sinr": 256.0}
{"time": 72, "f(x)": 12.24431, "median_sinr": 0.09073, "mean_sinr": 3.66479, "max_sinr": 256.0}
{"time": 74, "f(x)": 5.28095, "median_sinr": 0.00069, "mean_sinr": 2.11357, "max_sinr": 256.0}
{"time": 76, "f(x)": 4.52009, "median_sinr": 0.00032, "mean_sinr": 0.98095, "max_sinr": 256.0}
{"time": 78, "f(x)": 2.54608, "median_sinr": 0.00012, "mean_sinr": 0.91532, "max_sinr": 256.0}
{"time": 80, "f(x)": 8.30402, "median_sinr": 0.03726, "mean_sinr": 2.70331, "max_sinr": 256.0}
{"time": 82, "f(x)": 5.12586, "median_sinr": 0.00048, "mean_sinr": 1.10762, "max_sinr": 256.0}
{"time": 84, "f(x)": 5.98109, "median_sinr": 0.00097, "mean_sinr": 1.03366, "max_sinr": 256.0}
{"time": 86, "f(x)": 5.96674, "median_sinr": 0.00158, "mean_sinr": 0.68595, "max_sinr": 256.0}
{"time": 88, "f(x)": 8.30236, "median_sinr": 0.00307, "mean_sinr": 2.24185, "max_sinr": 256.0}
{"time": 90, "f(x)": 8.52316, "median_sinr": 0.01958, "mean_sinr": 2.52424, "max_sinr": 256.0}
{"time": 92, "f(x)": 8.68847, "median_sinr": 0.03634, "mean_sinr": 3.92903, "max_sinr": 256.0}
{"time": 94, "f(x)": 7.93773, "median_sinr": 0.0103, "mean_sinr": 2.65117, "max_sinr": 256.0}
{"time": 96, "f(x)": 5.50954, "median_sinr": 0.00066, "mean_sinr": 1.32966, "max_sinr": 256.0}
{"time": 98, "f(x)": 6.78731, "median_sinr": 0.00437, "mean_sinr": 0.89557, "max_sinr": 256.0}
{"time": 100, "f(x)": 7.01504, "median_sinr": 0.00873, "mean_sinr": 2.78264, "max_sinr": 256.0}
{"time": 102, "f(x)": 6.89404, "median_sinr": 0.03792, "mean_sinr": 1.83058, "max_sinr": 256.0}
{"time": 104, "f(x)": 6.62191, "median_sinr": 0.00315, "mean_sinr": 0.86593, "max_sinr": 256.0}
{"time": 106, "f(x)": 8.23315, "median_sinr": 0.00578, "mean_sinr": 0.35925, "max_sinr": 28.242516340177332}
{"time": 108, "f(x)": 4.8317, "median_sinr": 0.00024, "mean_sinr": 0.82957, "max_sinr": 256.0}
{"time": 110, "f(x)": 9.33138, "median_sinr": 0.01179, "mean_sinr": 2.96289, "max_sinr": 256.0}
{"time": 112, "f(x)": 9.01256, "median_sinr": 0.02151, "mean_sinr": 0.50606, "max_sinr": 70.14633322799291}
{"time": 114, "f(x)": 9.1188, "median_sinr": 0.00183, "mean_sinr": 0.94804, "max_sinr": 144.53173889680056}
{"time": 116, "f(x)": 5.63727, "median_sinr": 0.00684, "mean_sinr": 0.90561, "max_sinr": 256.0}
{"time": 118, "f(x)": 7.80487, "median_sinr": 0.01295, "mean_sinr": 1.31852, "max_sinr": 198.81800947877394}
{"time": 120, "f(x)": 9.742, "median_sinr": 0.07202, "mean_sinr": 2.28196, "max_sinr": 256.0}
{"time": 122, "f(x)": 5.20499, "median_sinr": 0.0008, "mean_sinr": 0.70218, "max_sinr": 256.0}
{"time": 124, "f(x)": 11.67069, "median_sinr": 0.00971, "mean_sinr": 2.90937, "max_sinr": 256.0}
{"time": 126, "f(x)": 6.4017, "median_sinr": 0.00112, "mean_sinr": 2.09908, "max_sinr": 256.0}
{"time": 128, "f(x)": 13.99082, "median_sinr": 0.05331, "mean_sinr": 2.65699, "max_sinr": 256.0}
{"time": 130, "f(x)": 8.42859, "median_sinr": 0.02542, "mean_sinr": 3.02084, "max_sinr": 256.0}
{"time": 132, "f(x)": 7.77256, "median_sinr": 0.02096, "mean_sinr": 2.85815, "max_sinr": 256.0}
{"time": 134, "f(x)": 6.73409, "median_sinr": 0.01566, "mean_sinr": 1.84131, "max_sinr": 256.0}
{"time": 136, "f(x)": 6.93406, "median_sinr": 0.00226, "mean_sinr": 3.28715, "max_sinr": 256.0}
{"time": 138, "f(x)": 6.83443, "median_sinr": 0.01378, "mean_sinr": 2.36053, "max_sinr": 256.0}
{"time": 140, "f(x)": 8.19793, "median_sinr": 0.04332, "mean_sinr": 2.27964, "max_sinr": 256.0}
{"time": 142, "f(x)": 7.92579, "median_sinr": 0.01022, "mean_sinr": 2.46952, "max_sinr": 256.0}
{"time": 144, "f(x)": 6.79922, "median_sinr": 0.04325, "mean_sinr": 2.92243, "max_sinr": 256.0}
{"time": 146, "f(x)": 7.14067, "median_sinr": 0.03119, "mean_sinr": 2.25839, "max_sinr": 256.0}
{"time": 148, "f(x)": 6.03921, "median_sinr": 0.00053, "mean_sinr": 2.78247, "max_sinr": 256.0}
{"time": 150, "f(x)": 4.99225, "median_sinr": 0.00015, "mean_sinr": 1.81032, "max_sinr": 256.0}
{"time": 152, "f(x)": 4.16395, "median_sinr": 0.0007, "mean_sinr": 1.47394, "max_sinr": 256.0}
{"time": 154, "f(x)": 5.22437, "median_sinr": 0.00078, "mean_sinr": 1.23016, "max_sinr": 256.0}
{"time": 156, "f(x)": 8.75907, "median_sinr": 0.00072, "mean_sinr": 1.98379, "max_sinr": 256.0}
{"time": 158, "f(x)": 8.31326, "median_sinr": 0.00476, "mean_sinr": 2.61015, "max_sinr": 256.0}
{"time": 160, "f(x)": 7.53314, "median_sinr": 0.01143, "mean_sinr": 1.20261, "max_sinr": 256.0}
{"time": 162, "f(x)": 9.14181, "median_sinr": 0.04752, "mean_sinr": 3.5596, "max_sinr": 256.0}
{"time": 164, "f(x)": 7.1697, "median_sinr": 0.01192, "mean_sinr": 1.36895, "max_sinr": 256.0}
{"time": 166, "f(x)": 8.69314, "median_sinr": 0.01651, "mean_sinr": 2.06477, "max_sinr": 256.0}
{"time": 168,