{"time": 2, "f(x)": 7.37298, "median_sinr": 0.02489, "mean_sinr": 2.17772, "max_sinr": 256.0}
{"time": 4, "f(x)": 7.44047, "median_sinr": 0.0577, "mean_sinr": 2.44339, "max_sinr": 256.0}
{"time": 6, "f(x)": 6.92577, "median_sinr": 0.05227, "mean_sinr": 2.14042, "max_sinr": 256.0}
{"time": 8, "f(x)": 7.17474, "median_sinr": 0.00725, "mean_sinr": 2.53946, "max_sinr": 256.0}
{"time": 10, "f(x)": 5.13688, "median_sinr": 0.00141, "mean_sinr": 0.71163, "max_sinr": 256.0}
{"time": 12, "f(x)": 6.27848, "median_sinr": 0.00066, "mean_sinr": 1.13266, "max_sinr": 224.96596328776175}
{"time": 14, "f(x)": 4.91744, "median_sinr": 0.00108, "mean_sinr": 1.74856, "max_sinr": 256.0}
{"time": 16, "f(x)": 5.32986, "median_sinr": 0.00105, "mean_sinr": 1.52073, "max_sinr": 256.0}
{"time": 18, "f(x)": 9.21164, "median_sinr": 0.02799, "mean_sinr": 1.52354, "max_sinr": 256.0}
{"time": 20, "f(x)": 7.31632, "median_sinr": 0.00441, "mean_sinr": 1.00744, "max_sinr": 256.0}
{"time": 22, "f(x)": 10.95492, "median_sinr": 0.04071, "mean_sinr": 2.39137, "max_sinr": 256.0}
{"time": 24, "f(x)": 5.97023, "median_sinr": 0.00046, "mean_sinr": 0.80668, "max_sinr": 256.0}
{"time": 26, "f(x)": 11.424, "median_sinr": 0.0142, "mean_sinr": 1.28306, "max_sinr": 256.0}
{"time": 28, "f(x)": 6.26016, "median_sinr": 0.0019, "mean_sinr": 1.48832, "max_sinr": 256.0}
{"time": 30, "f(x)": 7.17846, "median_sinr": 0.01449, "mean_sinr": 1.60724, "max_sinr": 256.0}
{"time": 32, "f(x)": 5.31584, "median_sinr": 0.00068, "mean_sinr": 2.06319, "max_sinr": 256.0}
{"time": 34, "f(x)": 5.38855, "median_sinr": 0.00195, "mean_sinr": 1.11688, "max_sinr": 256.0}
{"time": 36, "f(x)": 8.79712, "median_sinr": 0.02622, "mean_sinr": 1.28069, "max_sinr": 256.0}
{"time": 38, "f(x)": 7.29675, "median_sinr": 0.00184, "mean_sinr": 0.69447, "max_sinr": 256.0}
{"time": 40, "f(x)": 11.15926, "median_sinr": 0.09449, "mean_sinr": 2.26233, "max_sinr": 256.0}
{"time": 42, "f(x)": 7.34901, "median_sinr": 0.01329, "mean_sinr": 1.43108, "max_sinr": 256.0}
{"time": 44, "f(x)": 7.18823, "median_sinr": 0.00644, "mean_sinr": 1.10414, "max_sinr": 256.0}
{"time": 46, "f(x)": 8.1255, "median_sinr": 0.04244, "mean_sinr": 1.86542, "max_sinr": 256.0}
{"time": 48, "f(x)": 7.77179, "median_sinr": 0.0442, "mean_sinr": 1.6839, "max_sinr": 256.0}
{"time": 50, "f(x)": 6.5175, "median_sinr": 0.00673, "mean_sinr": 1.75175, "max_sinr": 256.0}
{"time": 52, "f(x)": 6.31254, "median_sinr": 0.00191, "mean_sinr": 2.11719, "max_sinr": 256.0}
{"time": 54, "f(x)": 4.88324, "median_sinr": 0.00395, "mean_sinr": 1.00349, "max_sinr": 256.0}
{"time": 56, "f(x)": 7.38727, "median_sinr": 0.00675, "mean_sinr": 1.75198, "max_sinr": 256.0}
{"time": 58, "f(x)": 5.45773, "median_sinr": 0.00201, "mean_sinr": 0.62319, "max_sinr": 256.0}
{"time": 60, "f(x)": 9.26796, "median_sinr": 0.01088, "mean_sinr": 2.39468, "max_sinr": 256.0}
{"time": 62, "f(x)": 6.87711, "median_sinr": 0.03101, "mean_sinr": 2.29841, "max_sinr": 256.0}
{"time": 64, "f(x)": 5.10742, "median_sinr": 0.00612, "mean_sinr": 1.01576, "max_sinr": 256.0}
{"time": 66, "f(x)": 5.53976, "median_sinr": 0.00707, "mean_sinr": 1.73223, "max_sinr": 256.0}
{"time": 68, "f(x)": 5.82254, "median_sinr": 0.00192, "mean_sinr": 1.19137, "max_sinr": 256.0}
{"time": 70, "f(x)": 5.21205, "median_sinr": 0.00056, "mean_sinr": 0.99758, "max_sinr": 256.0}
{"time": 72, "f(x)": 12.77961, "median_sinr": 0.05192, "mean_sinr": 1.45884, "max_sinr": 256.0}
{"time": 74, "f(x)": 8.45113, "median_sinr": 0.01792, "mean_sinr": 1.92759, "max_sinr": 256.0}
{"time": 76, "f(x)": 7.52721, "median_sinr": 0.01627, "mean_sinr": 0.59514, "max_sinr": 256.0}
{"time": 78, "f(x)": 7.66888, "median_sinr": 0.02993, "mean_sinr": 1.29611, "max_sinr": 256.0}
{"time": 80, "f(x)": 7.41854, "median_sinr": 0.00561, "mean_sinr": 3.52521, "max_sinr": 256.0}
{"time": 82, "f(x)": 4.14072, "median_sinr": 0.00013, "mean_sinr": 0.862, "max_sinr": 256.0}
{"time": 84, "f(x)": 6.77486, "median_sinr": 0.00505, "mean_sinr": 0.43996, "max_sinr": 101.22122944329286}
{"time": 86, "f(x)": 12.42371, "median_sinr": 0.06549, "mean_sinr": 2.54792, "max_sinr": 256.0}
{"time": 88, "f(x)": 7.7047, "median_sinr": 0.0034, "mean_sinr": 2.12001, "max_sinr": 256.0}
{"time": 90, "f(x)": 7.92208, "median_sinr": 0.06996, "mean_sinr": 3.52227, "max_sinr": 256.0}
{"time": 92, "f(x)": 4.29296, "median_sinr": 0.00101, "mean_sinr": 2.55455, "max_sinr": 256.0}
{"time": 94, "f(x)": 9.4792, "median_sinr": 0.00288, "mean_sinr": 0.71186, "max_sinr": 256.0}
{"time": 96, "f(x)": 16.2603, "median_sinr": 0.03124, "mean_sinr": 2.63025, "max_sinr": 256.0}
{"time": 98, "f(x)": 6.87379, "median_sinr": 0.00208, "mean_sinr": 1.82897, "max_sinr": 256.0}
{"time": 100, "f(x)": 3.75133, "median_sinr": 0.00022, "mean_sinr": 1.50578, "max_sinr": 256.0}
{"time": 102, "f(x)": 5.80192, "median_sinr": 0.00156, "mean_sinr": 0.48822, "max_sinr": 256.0}
{"time": 104, "f(x)": 12.48043, "median_sinr": 0.17383, "mean_sinr": 2.562, "max_sinr": 256.0}
{"time": 106, "f(x)": 6.53864, "median_sinr": 0.00366, "mean_sinr": 2.36127, "max_sinr": 256.0}
{"time": 108, "f(x)": 7.19552, "median_sinr": 0.01318, "mean_sinr": 1.14687, "max_sinr": 256.0}
{"time": 110, "f(x)": 7.88046, "median_sinr": 0.016, "mean_sinr": 1.96326, "max_sinr": 256.0}
{"time": 112, "f(x)": 8.37041, "median_sinr": 0.05289, "mean_sinr": 2.97435, "max_sinr": 256.0}
{"time": 114, "f(x)": 6.21432, "median_sinr": 0.00053, "mean_sinr": 2.3122, "max_sinr": 256.0}
{"time": 116, "f(x)": 3.77143, "median_sinr": 0.0002, "mean_sinr": 0.86373, "max_sinr": 256.0}
{"time": 118, "f(x)": 7.25742, "median_sinr": 0.0199, "mean_sinr": 2.60271, "max_sinr": 256.0}
{"time": 120, "f(x)": 9.23354, "median_sinr": 0.00738, "mean_sinr": 0.77577, "max_sinr": 256.0}
{"time": 122, "f(x)": 15.68953, "median_sinr": 0.44308, "mean_sinr": 7.69108, "max_sinr": 256.0}
{"time": 124, "f(x)": 7.90647, "median_sinr": 0.02493, "mean_sinr": 2.89062, "max_sinr": 256.0}
{"time": 126, "f(x)": 7.27706, "median_sinr": 0.01389, "mean_sinr": 1.61202, "max_sinr": 256.0}
{"time": 128, "f(x)": 7.39624, "median_sinr": 0.00164, "mean_sinr": 3.35954, "max_sinr": 256.0}
{"time": 130, "f(x)": 9.35309, "median_sinr": 0.05937, "mean_sinr": 4.34238, "max_sinr": 256.0}
{"time": 132, "f(x)": 5.22199, "median_sinr": 0.00068, "mean_sinr": 1.75557, "max_sinr": 256.0}
{"time": 134, "f(x)": 5.24556, "median_sinr": 0.02725, "mean_sinr": 4.49394, "max_sinr": 256.0}
{"time": 136, "f(x)": 3.73135, "median_sinr": 0.00034, "mean_sinr": 1.98267, "max_sinr": 256.0}
{"time": 138, "f(x)": 7.97738, "median_sinr": 0.01714, "mean_sinr": 1.6531, "max_sinr": 256.0}
{"time": 140, "f(x)": 7.50556, "median_sinr": 0.00267, "mean_sinr": 1.34076, "max_sinr": 256.0}
{"time": 142, "f(x)": 9.08461, "median_sinr": 0.014, "mean_sinr": 2.88333, "max_sinr": 256.0}
{"time": 144, "f(x)": 5.23471, "median_sinr": 0.00049, "mean_sinr": 0.09598, "max_sinr": 26.592344775753823}
{"time": 146, "f(x)": 24.74896, "median_sinr": 0.06894, "mean_sinr": 5.88625, "max_sinr": 256.0}
{"time": 148, "f(x)": 5.38948, "median_sinr": 0.00775, "mean_sinr": 1.0223, "max_sinr": 256.0}
{"time": 150, "f(x)": 6.05218, "median_sinr": 0.00468, "mean_sinr": 1.31395, "max_sinr": 256.0}
{"time": 152, "f(x)": 8.83617, "median_sinr": 0.03377, "mean_sinr": 3.47197, "max_sinr": 256.0}
{"time": 154, "f(x)": 8.27885, "median_sinr": 0.02204, "mean_sinr": 1.05689, "max_sinr": 256.0}
{"time": 156, "f(x)": 10.43403, "median_sinr": 0.01985, "mean_sinr": 1.63104, "max_sinr": 256.0}
{"time": 158, "f(x)": 8.29441, "median_sinr": 0.00109, "mean_sinr": 3.3483, "max_sinr": 256.0}
{"time": 160, "f(x)": 6.50563, "median_sinr": 0.011, "mean_sinr": 1.89281, "max_sinr": 256.0}
{"time": 162, "f(x)": 8.10527, "median_sinr": 0.06025, "mean_sinr": 5.90961, "max_sinr": 256.0}
{"time": 164, "f(x)": 5.82192, "median_sinr": 0.00827, "mean_sinr": 0.98186, "max_sinr": 256.0}
{"time": 166, "f(x)": 7.10162, "median_sinr": 0.02475, "mean_sinr": 1.62547, "max_sinr": 256.0}
{"time": 168, "f(x)": 7.19873, "median_sinr": 0.0028,