{"time": 2, "f(x)": 7.50905, "median_sinr": 0.01014, "mean_sinr": 0.97051, "max_sinr": 256.0}
{"time": 4, "f(x)": 9.39917, "median_sinr": 0.05883, "mean_sinr": 3.35447, "max_sinr": 256.0}
{"time": 6, "f(x)": 5.60568, "median_sinr": 0.01118, "mean_sinr": 1.26376, "max_sinr": 256.0}
{"time": 8, "f(x)": 7.01575, "median_sinr": 0.00586, "mean_sinr": 1.64225, "max_sinr": 256.0}
{"time": 10, "f(x)": 9.19655, "median_sinr": 0.02206, "mean_sinr": 1.29787, "max_sinr": 256.0}
{"time": 12, "f(x)": 10.42789, "median_sinr": 0.01764, "mean_sinr": 4.21127, "max_sinr": 256.0}
{"time": 14, "f(x)": 6.3604, "median_sinr": 0.00484, "mean_sinr": 1.47806, "max_sinr": 256.0}
{"time": 16, "f(x)": 4.55867, "median_sinr": 0.00023, "mean_sinr": 1.72866, "max_sinr": 256.0}
{"time": 18, "f(x)": 5.89189, "median_sinr": 0.00551, "mean_sinr": 1.4022, "max_sinr": 256.0}
{"time": 20, "f(x)": 9.7442, "median_sinr": 0.06314, "mean_sinr": 2.81306, "max_sinr": 256.0}
{"time": 22, "f(x)": 8.78537, "median_sinr": 0.01582, "mean_sinr": 1.43968, "max_sinr": 256.0}
{"time": 24, "f(x)": 9.16084, "median_sinr": 0.0255, "mean_sinr": 2.16825, "max_sinr": 256.0}
{"time": 26, "f(x)": 7.6072, "median_sinr": 0.02021, "mean_sinr": 1.35714, "max_sinr": 256.0}
{"time": 28, "f(x)": 6.89345, "median_sinr": 0.00044, "mean_sinr": 1.08235, "max_sinr": 256.0}
{"time": 30, "f(x)": 9.03819, "median_sinr": 0.00986, "mean_sinr": 1.11867, "max_sinr": 106.11525852075927}
{"time": 32, "f(x)": 11.20318, "median_sinr": 0.01895, "mean_sinr": 1.56976, "max_sinr": 256.0}
{"time": 34, "f(x)": 9.67893, "median_sinr": 0.05402, "mean_sinr": 2.65099, "max_sinr": 256.0}
{"time": 36, "f(x)": 6.74691, "median_sinr": 0.00437, "mean_sinr": 1.64254, "max_sinr": 256.0}
{"time": 38, "f(x)": 6.25489, "median_sinr": 0.00214, "mean_sinr": 0.37871, "max_sinr": 48.8522120787684}
{"time": 40, "f(x)": 5.77854, "median_sinr": 0.00125, "mean_sinr": 1.48172, "max_sinr": 256.0}
{"time": 42, "f(x)": 6.21415, "median_sinr": 0.00481, "mean_sinr": 1.72207, "max_sinr": 256.0}
{"time": 44, "f(x)": 6.6859, "median_sinr": 0.00776, "mean_sinr": 1.51371, "max_sinr": 256.0}
{"time": 46, "f(x)": 4.72523, "median_sinr": 0.00043, "mean_sinr": 1.94326, "max_sinr": 256.0}
{"time": 48, "f(x)": 5.64151, "median_sinr": 0.02141, "mean_sinr": 1.74132, "max_sinr": 256.0}
{"time": 50, "f(x)": 5.35747, "median_sinr": 0.01761, "mean_sinr": 1.71751, "max_sinr": 256.0}
{"time": 52, "f(x)": 6.84483, "median_sinr": 0.00573, "mean_sinr": 1.95905, "max_sinr": 256.0}
{"time": 54, "f(x)": 7.79343, "median_sinr": 0.00615, "mean_sinr": 2.50147, "max_sinr": 256.0}
{"time": 56, "f(x)": 8.53427, "median_sinr": 0.02995, "mean_sinr": 0.69174, "max_sinr": 32.64940288041941}
{"time": 58, "f(x)": 6.95272, "median_sinr": 0.00708, "mean_sinr": 1.25582, "max_sinr": 256.0}
{"time": 60, "f(x)": 6.28909, "median_sinr": 0.00494, "mean_sinr": 1.58861, "max_sinr": 256.0}
{"time": 62, "f(x)": 6.4092, "median_sinr": 0.00264, "mean_sinr": 1.99831, "max_sinr": 256.0}
{"time": 64, "f(x)": 5.60096, "median_sinr": 0.00138, "mean_sinr": 0.58342, "max_sinr": 256.0}
{"time": 66, "f(x)": 6.53791, "median_sinr": 0.02682, "mean_sinr": 2.08659, "max_sinr": 256.0}
{"time": 68, "f(x)": 5.10514, "median_sinr": 0.00786, "mean_sinr": 3.41625, "max_sinr": 256.0}
{"time": 70, "f(x)": 6.84546, "median_sinr": 0.02052, "mean_sinr": 2.17846, "max_sinr": 256.0}
{"time": 72, "f(x)": 6.01016, "median_sinr": 0.01069, "mean_sinr": 2.132, "max_sinr": 256.0}
{"time": 74, "f(x)": 8.87066, "median_sinr": 0.03919, "mean_sinr": 2.23627, "max_sinr": 256.0}
{"time": 76, "f(x)": 3.78652, "median_sinr": 0.00014, "mean_sinr": 0.07523, "max_sinr": 25.073207464625174}
{"time": 78, "f(x)": 9.87363, "median_sinr": 0.04061, "mean_sinr": 1.39568, "max_sinr": 256.0}
{"time": 80, "f(x)": 5.21685, "median_sinr": 0.00212, "mean_sinr": 0.83565, "max_sinr": 256.0}
{"time": 82, "f(x)": 7.37108, "median_sinr": 0.00422, "mean_sinr": 1.92678, "max_sinr": 256.0}
{"time": 84, "f(x)": 6.65671, "median_sinr": 0.0066, "mean_sinr": 2.34096, "max_sinr": 256.0}
{"time": 86, "f(x)": 6.18718, "median_sinr": 0.00271, "mean_sinr": 2.20506, "max_sinr": 256.0}
{"time": 88, "f(x)": 7.58436, "median_sinr": 0.01576, "mean_sinr": 1.50685, "max_sinr": 256.0}
{"time": 90, "f(x)": 7.26139, "median_sinr": 0.01786, "mean_sinr": 2.12599, "max_sinr": 256.0}
{"time": 92, "f(x)": 5.21355, "median_sinr": 0.00102, "mean_sinr": 1.06715, "max_sinr": 256.0}
{"time": 94, "f(x)": 5.44474, "median_sinr": 0.00485, "mean_sinr": 2.27155, "max_sinr": 256.0}
{"time": 96, "f(x)": 4.88148, "median_sinr": 0.00041, "mean_sinr": 0.66392, "max_sinr": 256.0}
{"time": 98, "f(x)": 3.92474, "median_sinr": 0.00134, "mean_sinr": 0.82461, "max_sinr": 256.0}
{"time": 100, "f(x)": 6.10983, "median_sinr": 0.00208, "mean_sinr": 1.71075, "max_sinr": 256.0}
{"time": 102, "f(x)": 7.56794, "median_sinr": 0.0272, "mean_sinr": 2.59382, "max_sinr": 256.0}
{"time": 104, "f(x)": 9.16966, "median_sinr": 0.0409, "mean_sinr": 3.23001, "max_sinr": 256.0}
{"time": 106, "f(x)": 8.34578, "median_sinr": 0.05058, "mean_sinr": 1.59786, "max_sinr": 256.0}
{"time": 108, "f(x)": 8.87652, "median_sinr": 0.0156, "mean_sinr": 1.08931, "max_sinr": 256.0}
{"time": 110, "f(x)": 8.74506, "median_sinr": 0.00839, "mean_sinr": 1.13505, "max_sinr": 256.0}
{"time": 112, "f(x)": 8.84645, "median_sinr": 0.01859, "mean_sinr": 0.47884, "max_sinr": 85.06374237067298}
{"time": 114, "f(x)": 9.57788, "median_sinr": 0.00317, "mean_sinr": 0.48736, "max_sinr": 74.26692140943712}
{"time": 116, "f(x)": 6.64289, "median_sinr": 0.00909, "mean_sinr": 1.6933, "max_sinr": 256.0}
{"time": 118, "f(x)": 7.09758, "median_sinr": 0.01521, "mean_sinr": 1.15177, "max_sinr": 256.0}
{"time": 120, "f(x)": 7.12275, "median_sinr": 0.00835, "mean_sinr": 1.44903, "max_sinr": 256.0}
{"time": 122, "f(x)": 9.87688, "median_sinr": 0.0009, "mean_sinr": 3.49002, "max_sinr": 256.0}
{"time": 124, "f(x)": 6.32783, "median_sinr": 0.00754, "mean_sinr": 1.7664, "max_sinr": 256.0}
{"time": 126, "f(x)": 5.81263, "median_sinr": 0.00479, "mean_sinr": 2.4607, "max_sinr": 256.0}
{"time": 128, "f(x)": 4.33745, "median_sinr": 0.00018, "mean_sinr": 1.11807, "max_sinr": 256.0}
{"time": 130, "f(x)": 11.00426, "median_sinr": 0.03706, "mean_sinr": 1.80022, "max_sinr": 256.0}
{"time": 132, "f(x)": 8.56022, "median_sinr": 0.01182, "mean_sinr": 3.26149, "max_sinr": 256.0}
{"time": 134, "f(x)": 5.86923, "median_sinr": 0.00707, "mean_sinr": 2.44181, "max_sinr": 256.0}
{"time": 136, "f(x)": 7.69248, "median_sinr": 0.01103, "mean_sinr": 2.10472, "max_sinr": 256.0}
{"time": 138, "f(x)": 4.45953, "median_sinr": 0.0012, "mean_sinr": 0.99628, "max_sinr": 256.0}
{"time": 140, "f(x)": 5.30639, "median_sinr": 0.00053, "mean_sinr": 1.96986, "max_sinr": 256.0}
{"time": 142, "f(x)": 7.02003, "median_sinr": 0.01191, "mean_sinr": 1.82339, "max_sinr": 256.0}
{"time": 144, "f(x)": 6.60526, "median_sinr": 0.00168, "mean_sinr": 1.0806, "max_sinr": 256.0}
{"time": 146, "f(x)": 5.47392, "median_sinr": 0.00368, "mean_sinr": 2.14722, "max_sinr": 256.0}
{"time": 148, "f(x)": 4.74293, "median_sinr": 0.00053, "mean_sinr": 0.85776, "max_sinr": 256.0}
{"time": 150, "f(x)": 7.30197, "median_sinr": 0.01797, "mean_sinr": 1.69128, "max_sinr": 256.0}
{"time": 152, "f(x)": 9.10742, "median_sinr": 0.02444, "mean_sinr": 3.07201, "max_sinr": 256.0}
{"time": 154, "f(x)": 6.3319, "median_sinr": 0.0017, "mean_sinr": 1.32071, "max_sinr": 256.0}
{"time": 156, "f(x)": 6.1323, "median_sinr": 0.00396, "mean_sinr": 2.16333, "max_sinr": 256.0}
{"time": 158, "f(x)": 9.48126, "median_sinr": 0.01578, "mean_sinr": 2.63525, "max_sinr": 256.0}
{"time": 160, "f(x)": 8.70055, "median_sinr": 0.04684, "mean_sinr": 4.03037, "max_sinr": 256.0}
{"time": 162, "f(x)": 7.16277, "median_sinr": 0.01354, "mean_sinr": 2.08776, "max_sinr": 256.0}
{"time": 164, "f(x)": 7.91109, "median_sinr": 0.02904, "mean_sinr": 1.56281, "max_sinr": 256.0}
{"time": 166, "f(x)": 7.35525, "median_sinr": 0.00224, "mean_sinr": 1.08924, "max_sinr": 256.0}
{"time": 168, "f(x)": 7.08863,