{"time": 2, "f(x)": 8.02978, "median_sinr": 0.01473, "mean_sinr": 0.60772, "max_sinr": 58.746989525519346}
{"time": 4, "f(x)": 6.36031, "median_sinr": 0.00047, "mean_sinr": 1.33346, "max_sinr": 256.0}
{"time": 6, "f(x)": 9.47064, "median_sinr": 0.01956, "mean_sinr": 1.74896, "max_sinr": 256.0}
{"time": 8, "f(x)": 6.75759, "median_sinr": 0.0139, "mean_sinr": 1.16393, "max_sinr": 256.0}
{"time": 10, "f(x)": 6.87757, "median_sinr": 0.00544, "mean_sinr": 0.81246, "max_sinr": 256.0}
{"time": 12, "f(x)": 6.69519, "median_sinr": 0.00791, "mean_sinr": 0.98172, "max_sinr": 231.6921819737377}
{"time": 14, "f(x)": 6.29303, "median_sinr": 0.02309, "mean_sinr": 2.09215, "max_sinr": 256.0}
{"time": 16, "f(x)": 8.85048, "median_sinr": 0.04937, "mean_sinr": 2.87971, "max_sinr": 256.0}
{"time": 18, "f(x)": 4.37752, "median_sinr": 0.00039, "mean_sinr": 0.97739, "max_sinr": 256.0}
{"time": 20, "f(x)": 11.10536, "median_sinr": 0.00978, "mean_sinr": 2.6458, "max_sinr": 256.0}
{"time": 22, "f(x)": 7.3932, "median_sinr": 0.00326, "mean_sinr": 2.9957, "max_sinr": 256.0}
{"time": 24, "f(x)": 5.89771, "median_sinr": 0.00485, "mean_sinr": 1.49265, "max_sinr": 256.0}
{"time": 26, "f(x)": 8.64344, "median_sinr": 0.04086, "mean_sinr": 2.76355, "max_sinr": 256.0}
{"time": 28, "f(x)": 7.72479, "median_sinr": 0.01438, "mean_sinr": 2.92712, "max_sinr": 256.0}
{"time": 30, "f(x)": 6.5192, "median_sinr": 0.00369, "mean_sinr": 1.69433, "max_sinr": 256.0}
{"time": 32, "f(x)": 4.08801, "median_sinr": 0.00034, "mean_sinr": 0.91166, "max_sinr": 256.0}
{"time": 34, "f(x)": 8.89723, "median_sinr": 0.09703, "mean_sinr": 3.97819, "max_sinr": 256.0}
{"time": 36, "f(x)": 10.21682, "median_sinr": 0.15298, "mean_sinr": 5.88634, "max_sinr": 256.0}
{"time": 38, "f(x)": 4.72552, "median_sinr": 0.0006, "mean_sinr": 0.8943, "max_sinr": 174.1629419297198}
{"time": 40, "f(x)": 6.40216, "median_sinr": 0.00107, "mean_sinr": 0.67521, "max_sinr": 256.0}
{"time": 42, "f(x)": 5.57462, "median_sinr": 0.00055, "mean_sinr": 1.22464, "max_sinr": 256.0}
{"time": 44, "f(x)": 10.05183, "median_sinr": 0.01806, "mean_sinr": 1.50671, "max_sinr": 256.0}
{"time": 46, "f(x)": 9.84123, "median_sinr": 0.0014, "mean_sinr": 1.59613, "max_sinr": 256.0}
{"time": 48, "f(x)": 6.06144, "median_sinr": 0.00032, "mean_sinr": 1.61523, "max_sinr": 256.0}
{"time": 50, "f(x)": 6.81483, "median_sinr": 0.00274, "mean_sinr": 2.22681, "max_sinr": 256.0}
{"time": 52, "f(x)": 7.78026, "median_sinr": 0.0478, "mean_sinr": 2.25091, "max_sinr": 256.0}
{"time": 54, "f(x)": 10.53848, "median_sinr": 0.06716, "mean_sinr": 2.23104, "max_sinr": 256.0}
{"time": 56, "f(x)": 7.66251, "median_sinr": 0.01129, "mean_sinr": 1.68322, "max_sinr": 256.0}
{"time": 58, "f(x)": 7.89804, "median_sinr": 0.01647, "mean_sinr": 1.70946, "max_sinr": 156.21193957116893}
{"time": 60, "f(x)": 6.42506, "median_sinr": 0.00269, "mean_sinr": 1.83515, "max_sinr": 256.0}
{"time": 62, "f(x)": 4.83624, "median_sinr": 0.00063, "mean_sinr": 0.99532, "max_sinr": 256.0}
{"time": 64, "f(x)": 7.67814, "median_sinr": 0.08334, "mean_sinr": 1.98338, "max_sinr": 256.0}
{"time": 66, "f(x)": 9.01617, "median_sinr": 0.02329, "mean_sinr": 1.71525, "max_sinr": 256.0}
{"time": 68, "f(x)": 8.39875, "median_sinr": 0.05673, "mean_sinr": 2.80195, "max_sinr": 256.0}
{"time": 70, "f(x)": 6.34597, "median_sinr": 0.00696, "mean_sinr": 1.92493, "max_sinr": 256.0}
{"time": 72, "f(x)": 5.63508, "median_sinr": 0.00189, "mean_sinr": 1.25414, "max_sinr": 256.0}
{"time": 74, "f(x)": 6.09894, "median_sinr": 0.00195, "mean_sinr": 0.7738, "max_sinr": 256.0}
{"time": 76, "f(x)": 5.97493, "median_sinr": 0.00248, "mean_sinr": 0.89684, "max_sinr": 256.0}
{"time": 78, "f(x)": 4.61356, "median_sinr": 0.00012, "mean_sinr": 2.17536, "max_sinr": 256.0}
{"time": 80, "f(x)": 5.83434, "median_sinr": 0.00406, "mean_sinr": 0.79448, "max_sinr": 256.0}
{"time": 82, "f(x)": 7.01754, "median_sinr": 0.00146, "mean_sinr": 1.09418, "max_sinr": 177.02081499285924}
{"time": 84, "f(x)": 8.84717, "median_sinr": 0.01291, "mean_sinr": 2.64763, "max_sinr": 256.0}
{"time": 86, "f(x)": 7.12359, "median_sinr": 0.02097, "mean_sinr": 2.77753, "max_sinr": 256.0}
{"time": 88, "f(x)": 6.38999, "median_sinr": 0.01129, "mean_sinr": 2.61987, "max_sinr": 256.0}
{"time": 90, "f(x)": 7.06476, "median_sinr": 0.01133, "mean_sinr": 1.80721, "max_sinr": 256.0}
{"time": 92, "f(x)": 8.54709, "median_sinr": 0.01957, "mean_sinr": 5.50332, "max_sinr": 256.0}
{"time": 94, "f(x)": 6.04938, "median_sinr": 0.02127, "mean_sinr": 1.72934, "max_sinr": 256.0}
{"time": 96, "f(x)": 6.3962, "median_sinr": 0.00771, "mean_sinr": 2.07827, "max_sinr": 256.0}
{"time": 98, "f(x)": 7.38402, "median_sinr": 0.02573, "mean_sinr": 2.42103, "max_sinr": 256.0}
{"time": 100, "f(x)": 7.91829, "median_sinr": 0.02024, "mean_sinr": 0.99901, "max_sinr": 256.0}
{"time": 102, "f(x)": 11.10043, "median_sinr": 0.02625, "mean_sinr": 1.06392, "max_sinr": 256.0}
{"time": 104, "f(x)": 9.68016, "median_sinr": 0.0337, "mean_sinr": 2.08065, "max_sinr": 256.0}
{"time": 106, "f(x)": 4.65666, "median_sinr": 0.00036, "mean_sinr": 1.68039, "max_sinr": 256.0}
{"time": 108, "f(x)": 5.07228, "median_sinr": 0.00367, "mean_sinr": 1.23869, "max_sinr": 256.0}
{"time": 110, "f(x)": 7.69754, "median_sinr": 0.14286, "mean_sinr": 2.90407, "max_sinr": 256.0}
{"time": 112, "f(x)": 5.65931, "median_sinr": 0.00603, "mean_sinr": 0.50023, "max_sinr": 256.0}
{"time": 114, "f(x)": 6.36298, "median_sinr": 0.00623, "mean_sinr": 1.26142, "max_sinr": 256.0}
{"time": 116, "f(x)": 7.77902, "median_sinr": 0.08634, "mean_sinr": 1.45423, "max_sinr": 256.0}
{"time": 118, "f(x)": 7.28511, "median_sinr": 0.01637, "mean_sinr": 4.09471, "max_sinr": 256.0}
{"time": 120, "f(x)": 6.50059, "median_sinr": 0.00216, "mean_sinr": 0.2831, "max_sinr": 70.07912997164564}
{"time": 122, "f(x)": 10.91086, "median_sinr": 0.02926, "mean_sinr": 2.27606, "max_sinr": 256.0}
{"time": 124, "f(x)": 4.42874, "median_sinr": 0.00011, "mean_sinr": 1.6371, "max_sinr": 256.0}
{"time": 126, "f(x)": 2.746, "median_sinr": 0.00013, "mean_sinr": 0.4145, "max_sinr": 106.48867725671089}
{"time": 128, "f(x)": 11.46749, "median_sinr": 0.026, "mean_sinr": 2.96577, "max_sinr": 256.0}
{"time": 130, "f(x)": 8.59704, "median_sinr": 0.06595, "mean_sinr": 2.9546, "max_sinr": 256.0}
{"time": 132, "f(x)": 6.32692, "median_sinr": 0.00178, "mean_sinr": 2.14604, "max_sinr": 256.0}
{"time": 134, "f(x)": 12.91724, "median_sinr": 0.01486, "mean_sinr": 2.67074, "max_sinr": 256.0}
{"time": 136, "f(x)": 10.52932, "median_sinr": 0.01374, "mean_sinr": 3.08637, "max_sinr": 256.0}
{"time": 138, "f(x)": 7.07809, "median_sinr": 0.00875, "mean_sinr": 2.34387, "max_sinr": 256.0}
{"time": 140, "f(x)": 5.90093, "median_sinr": 0.00274, "mean_sinr": 1.21045, "max_sinr": 256.0}
{"time": 142, "f(x)": 7.26219, "median_sinr": 0.01172, "mean_sinr": 2.56672, "max_sinr": 256.0}
{"time": 144, "f(x)": 7.55381, "median_sinr": 0.01691, "mean_sinr": 1.68256, "max_sinr": 256.0}
{"time": 146, "f(x)": 5.94655, "median_sinr": 0.00712, "mean_sinr": 1.15345, "max_sinr": 256.0}
{"time": 148, "f(x)": 6.05717, "median_sinr": 0.01654, "mean_sinr": 1.20253, "max_sinr": 256.0}
{"time": 150, "f(x)": 6.78233, "median_sinr": 0.01459, "mean_sinr": 1.87807, "max_sinr": 256.0}
{"time": 152, "f(x)": 5.96687, "median_sinr": 0.00378, "mean_sinr": 1.2069, "max_sinr": 256.0}
{"time": 154, "f(x)": 8.53878, "median_sinr": 0.00173, "mean_sinr": 4.99165, "max_sinr": 256.0}
{"time": 156, "f(x)": 5.09369, "median_sinr": 0.00106, "mean_sinr": 1.59102, "max_sinr": 256.0}
{"time": 158, "f(x)": 6.37913, "median_sinr": 0.00327, "mean_sinr": 1.19146, "max_sinr": 256.0}
{"time": 160, "f(x)": 6.77775, "median_sinr": 0.0067, "mean_sinr": 1.9303, "max_sinr": 256.0}
{"time": 162, "f(x)": 5.23161, "median_sinr": 0.00224, "mean_sinr": 1.64025, "max_sinr": 256.0}
{"time": 164, "f(x)": 7.22162, "median_sinr": 0.00141, "mean_sinr": 2.10807, "max_sinr": 256.0}
{"time": 166, "f(x)": 6.47859, "median_sinr": 0.00888, "mean_sinr": 0.5032,