{"time": 2, "f(x)": 11.31923, "median_sinr": 0.04648, "mean_sinr": 3.05307, "max_sinr": 256.0}
{"time": 4, "f(x)": 7.26048, "median_sinr": 0.01099, "mean_sinr": 1.80789, "max_sinr": 256.0}
{"time": 6, "f(x)": 4.29031, "median_sinr": 0.00033, "mean_sinr": 1.20503, "max_sinr": 256.0}
{"time": 8, "f(x)": 5.73806, "median_sinr": 0.00096, "mean_sinr": 1.24773, "max_sinr": 256.0}
{"time": 10, "f(x)": 8.83076, "median_sinr": 0.02201, "mean_sinr": 2.82316, "max_sinr": 256.0}
{"time": 12, "f(x)": 6.16963, "median_sinr": 0.00088, "mean_sinr": 2.59438, "max_sinr": 256.0}
{"time": 14, "f(x)": 6.44509, "median_sinr": 0.02215, "mean_sinr": 3.2479, "max_sinr": 256.0}
{"time": 16, "f(x)": 7.49986, "median_sinr": 0.0306, "mean_sinr": 1.62239, "max_sinr": 256.0}
{"time": 18, "f(x)": 7.54719, "median_sinr": 0.01152, "mean_sinr": 1.76459, "max_sinr": 256.0}
{"time": 20, "f(x)": 12.24751, "median_sinr": 0.02896, "mean_sinr": 3.05114, "max_sinr": 256.0}
{"time": 22, "f(x)": 8.34055, "median_sinr": 0.1268, "mean_sinr": 2.84136, "max_sinr": 256.0}
{"time": 24, "f(x)": 6.40268, "median_sinr": 0.07595, "mean_sinr": 3.26105, "max_sinr": 256.0}
{"time": 26, "f(x)": 6.33557, "median_sinr": 0.01677, "mean_sinr": 1.49956, "max_sinr": 256.0}
{"time": 28, "f(x)": 7.16711, "median_sinr": 0.00976, "mean_sinr": 2.18707, "max_sinr": 256.0}
{"time": 30, "f(x)": 7.88044, "median_sinr": 0.04132, "mean_sinr": 1.94702, "max_sinr": 256.0}
{"time": 32, "f(x)": 5.55462, "median_sinr": 0.00116, "mean_sinr": 2.52852, "max_sinr": 256.0}
{"time": 34, "f(x)": 6.1744, "median_sinr": 0.01312, "mean_sinr": 1.31758, "max_sinr": 256.0}
{"time": 36, "f(x)": 7.40936, "median_sinr": 0.00448, "mean_sinr": 1.06163, "max_sinr": 256.0}
{"time": 38, "f(x)": 6.16906, "median_sinr": 0.00779, "mean_sinr": 1.44153, "max_sinr": 256.0}
{"time": 40, "f(x)": 8.21217, "median_sinr": 0.03581, "mean_sinr": 1.93915, "max_sinr": 256.0}
{"time": 42, "f(x)": 6.58627, "median_sinr": 0.00263, "mean_sinr": 1.41698, "max_sinr": 256.0}
{"time": 44, "f(x)": 6.25301, "median_sinr": 0.00167, "mean_sinr": 0.8446, "max_sinr": 256.0}
{"time": 46, "f(x)": 8.9742, "median_sinr": 0.00644, "mean_sinr": 2.2032, "max_sinr": 256.0}
{"time": 48, "f(x)": 5.55296, "median_sinr": 0.00132, "mean_sinr": 1.69761, "max_sinr": 256.0}
{"time": 50, "f(x)": 7.88557, "median_sinr": 0.0023, "mean_sinr": 1.65751, "max_sinr": 256.0}
{"time": 52, "f(x)": 13.04925, "median_sinr": 0.16861, "mean_sinr": 2.03758, "max_sinr": 256.0}
{"time": 54, "f(x)": 6.29005, "median_sinr": 0.00911, "mean_sinr": 2.09781, "max_sinr": 256.0}
{"time": 56, "f(x)": 6.22292, "median_sinr": 0.0022, "mean_sinr": 2.17743, "max_sinr": 256.0}
{"time": 58, "f(x)": 5.23278, "median_sinr": 0.00171, "mean_sinr": 0.39162, "max_sinr": 99.0883900865766}
{"time": 60, "f(x)": 8.45346, "median_sinr": 0.02054, "mean_sinr": 3.19266, "max_sinr": 256.0}
{"time": 62, "f(x)": 7.72277, "median_sinr": 0.03069, "mean_sinr": 2.16367, "max_sinr": 256.0}
{"time": 64, "f(x)": 5.10782, "median_sinr": 0.00152, "mean_sinr": 1.52984, "max_sinr": 256.0}
{"time": 66, "f(x)": 6.63796, "median_sinr": 0.00614, "mean_sinr": 1.38824, "max_sinr": 256.0}
{"time": 68, "f(x)": 5.77286, "median_sinr": 0.00564, "mean_sinr": 1.47469, "max_sinr": 256.0}
{"time": 70, "f(x)": 8.30656, "median_sinr": 0.04009, "mean_sinr": 3.0718, "max_sinr": 256.0}
{"time": 72, "f(x)": 5.23733, "median_sinr": 0.00064, "mean_sinr": 0.71166, "max_sinr": 256.0}
{"time": 74, "f(x)": 11.25307, "median_sinr": 0.00584, "mean_sinr": 2.1925, "max_sinr": 256.0}
{"time": 76, "f(x)": 6.33403, "median_sinr": 0.00097, "mean_sinr": 0.57233, "max_sinr": 246.53263677025225}
{"time": 78, "f(x)": 8.68044, "median_sinr": 0.00374, "mean_sinr": 1.26167, "max_sinr": 256.0}
{"time": 80, "f(x)": 7.40911, "median_sinr": 0.01031, "mean_sinr": 1.36875, "max_sinr": 256.0}
{"time": 82, "f(x)": 8.69875, "median_sinr": 0.02731, "mean_sinr": 3.53421, "max_sinr": 256.0}
{"time": 84, "f(x)": 6.43061, "median_sinr": 0.01945, "mean_sinr": 3.54084, "max_sinr": 256.0}
{"time": 86, "f(x)": 7.65836, "median_sinr": 0.0112, "mean_sinr": 1.43218, "max_sinr": 256.0}
{"time": 88, "f(x)": 3.63561, "median_sinr": 0.00016, "mean_sinr": 0.30795, "max_sinr": 106.88658604650813}
{"time": 90, "f(x)": 10.80046, "median_sinr": 0.07283, "mean_sinr": 3.33648, "max_sinr": 256.0}
{"time": 92, "f(x)": 5.94191, "median_sinr": 0.00625, "mean_sinr": 2.65688, "max_sinr": 256.0}
{"time": 94, "f(x)": 5.11727, "median_sinr": 0.00341, "mean_sinr": 0.84411, "max_sinr": 256.0}
{"time": 96, "f(x)": 9.73383, "median_sinr": 0.04446, "mean_sinr": 2.02619, "max_sinr": 256.0}
{"time": 98, "f(x)": 8.16236, "median_sinr": 0.0296, "mean_sinr": 0.93197, "max_sinr": 146.0393521881427}
{"time": 100, "f(x)": 7.0859, "median_sinr": 0.00036, "mean_sinr": 2.32941, "max_sinr": 256.0}
{"time": 102, "f(x)": 6.03514, "median_sinr": 0.00203, "mean_sinr": 1.18101, "max_sinr": 256.0}
{"time": 104, "f(x)": 6.84428, "median_sinr": 0.00296, "mean_sinr": 0.49151, "max_sinr": 256.0}
{"time": 106, "f(x)": 21.37427, "median_sinr": 0.04242, "mean_sinr": 1.03609, "max_sinr": 48.20367613605594}
{"time": 108, "f(x)": 8.62768, "median_sinr": 0.00787, "mean_sinr": 1.65195, "max_sinr": 256.0}
{"time": 110, "f(x)": 7.95797, "median_sinr": 0.00474, "mean_sinr": 1.61523, "max_sinr": 256.0}
{"time": 112, "f(x)": 6.59031, "median_sinr": 0.05237, "mean_sinr": 1.61459, "max_sinr": 256.0}
{"time": 114, "f(x)": 7.12684, "median_sinr": 0.01276, "mean_sinr": 3.71054, "max_sinr": 256.0}
{"time": 116, "f(x)": 5.55903, "median_sinr": 0.00054, "mean_sinr": 2.08425, "max_sinr": 256.0}
{"time": 118, "f(x)": 5.48254, "median_sinr": 0.00102, "mean_sinr": 1.16055, "max_sinr": 256.0}
{"time": 120, "f(x)": 5.92905, "median_sinr": 0.00406, "mean_sinr": 2.43923, "max_sinr": 256.0}
{"time": 122, "f(x)": 6.97924, "median_sinr": 0.00696, "mean_sinr": 2.03284, "max_sinr": 256.0}
{"time": 124, "f(x)": 7.15642, "median_sinr": 0.01387, "mean_sinr": 1.29426, "max_sinr": 256.0}
{"time": 126, "f(x)": 11.76784, "median_sinr": 0.04361, "mean_sinr": 4.94544, "max_sinr": 256.0}
{"time": 128, "f(x)": 4.43559, "median_sinr": 0.00055, "mean_sinr": 0.50754, "max_sinr": 105.91877448014138}
{"time": 130, "f(x)": 6.56302, "median_sinr": 0.00872, "mean_sinr": 3.22389, "max_sinr": 256.0}
{"time": 132, "f(x)": 6.03684, "median_sinr": 0.00785, "mean_sinr": 1.94219, "max_sinr": 256.0}
{"time": 134, "f(x)": 7.20807, "median_sinr": 0.00576, "mean_sinr": 3.75042, "max_sinr": 256.0}
{"time": 136, "f(x)": 4.75703, "median_sinr": 0.00011, "mean_sinr": 2.14957, "max_sinr": 256.0}
{"time": 138, "f(x)": 4.58932, "median_sinr": 0.00268, "mean_sinr": 1.23665, "max_sinr": 256.0}
{"time": 140, "f(x)": 9.07554, "median_sinr": 0.01254, "mean_sinr": 1.62452, "max_sinr": 256.0}
{"time": 142, "f(x)": 14.17064, "median_sinr": 0.07177, "mean_sinr": 4.5512, "max_sinr": 256.0}
{"time": 144, "f(x)": 7.46339, "median_sinr": 0.03206, "mean_sinr": 2.32677, "max_sinr": 256.0}
{"time": 146, "f(x)": 7.44106, "median_sinr": 0.01126, "mean_sinr": 1.00273, "max_sinr": 256.0}
{"time": 148, "f(x)": 8.37037, "median_sinr": 0.02408, "mean_sinr": 1.96872, "max_sinr": 256.0}
{"time": 150, "f(x)": 8.16722, "median_sinr": 0.00218, "mean_sinr": 2.07771, "max_sinr": 256.0}
{"time": 152, "f(x)": 7.09797, "median_sinr": 0.00458, "mean_sinr": 1.48888, "max_sinr": 256.0}
{"time": 154, "f(x)": 8.19941, "median_sinr": 0.01502, "mean_sinr": 2.31432, "max_sinr": 256.0}
{"time": 156, "f(x)": 5.53475, "median_sinr": 0.00056, "mean_sinr": 1.15837, "max_sinr": 256.0}
{"time": 158, "f(x)": 10.02165, "median_sinr": 0.00245, "mean_sinr": 2.52255, "max_sinr": 256.0}
{"time": 160, "f(x)": 9.90288, "median_sinr": 0.05742, "mean_sinr": 1.51289, "max_sinr": 256.0}
{"time": 162, "f(x)": 8.74819, "median_sinr": 0.02163, "mean_sinr": 1.76699, "max_sinr": 256.0}
{"time": 164, "f(x)": 6.2911, "median_sinr": 0.00287, "mean_sinr": 0.47017, "max_sinr": 256.0}
{"time": 166, "f(x)": 6.63406, "median_sinr": 0.00255, "mean_sinr": 0.39881,