{"time": 2, "f(x)": 4.52392, "median_sinr": 0.00117, "mean_sinr": 0.70257, "max_sinr": 256.0}
{"time": 4, "f(x)": 9.79653, "median_sinr": 0.01829, "mean_sinr": 0.69144, "max_sinr": 95.87785713746365}
{"time": 6, "f(x)": 7.55067, "median_sinr": 0.00503, "mean_sinr": 1.38358, "max_sinr": 256.0}
{"time": 8, "f(x)": 7.28414, "median_sinr": 0.00742, "mean_sinr": 1.80923, "max_sinr": 256.0}
{"time": 10, "f(x)": 8.65132, "median_sinr": 0.00144, "mean_sinr": 1.01366, "max_sinr": 122.29695650278869}
{"time": 12, "f(x)": 3.92582, "median_sinr": 2e-05, "mean_sinr": 2.29042, "max_sinr": 256.0}
{"time": 14, "f(x)": 9.91332, "median_sinr": 0.09912, "mean_sinr": 2.24184, "max_sinr": 256.0}
{"time": 16, "f(x)": 9.18948, "median_sinr": 0.0485, "mean_sinr": 1.36712, "max_sinr": 256.0}
{"time": 18, "f(x)": 9.6752, "median_sinr": 0.10214, "mean_sinr": 4.21141, "max_sinr": 256.0}
{"time": 20, "f(x)": 6.07428, "median_sinr": 0.00269, "mean_sinr": 1.23764, "max_sinr": 256.0}
{"time": 22, "f(x)": 6.11859, "median_sinr": 0.00941, "mean_sinr": 0.95511, "max_sinr": 256.0}
{"time": 24, "f(x)": 9.74879, "median_sinr": 0.07537, "mean_sinr": 3.17399, "max_sinr": 256.0}
{"time": 26, "f(x)": 5.38855, "median_sinr": 0.00157, "mean_sinr": 1.2255, "max_sinr": 256.0}
{"time": 28, "f(x)": 7.5349, "median_sinr": 0.0027, "mean_sinr": 0.65194, "max_sinr": 256.0}
{"time": 30, "f(x)": 14.90909, "median_sinr": 0.05684, "mean_sinr": 5.66598, "max_sinr": 256.0}
{"time": 32, "f(x)": 7.03707, "median_sinr": 0.01331, "mean_sinr": 2.32354, "max_sinr": 256.0}
{"time": 34, "f(x)": 4.88958, "median_sinr": 0.00074, "mean_sinr": 1.72526, "max_sinr": 256.0}
{"time": 36, "f(x)": 5.66861, "median_sinr": 0.02859, "mean_sinr": 1.49775, "max_sinr": 256.0}
{"time": 38, "f(x)": 9.51228, "median_sinr": 0.02824, "mean_sinr": 2.59115, "max_sinr": 256.0}
{"time": 40, "f(x)": 7.22076, "median_sinr": 0.00149, "mean_sinr": 0.15773, "max_sinr": 46.350819797456666}
{"time": 42, "f(x)": 12.57314, "median_sinr": 0.0085, "mean_sinr": 2.9624, "max_sinr": 256.0}
{"time": 44, "f(x)": 12.29175, "median_sinr": 0.09528, "mean_sinr": 2.73602, "max_sinr": 256.0}
{"time": 46, "f(x)": 7.74758, "median_sinr": 0.02435, "mean_sinr": 1.60691, "max_sinr": 256.0}
{"time": 48, "f(x)": 6.76811, "median_sinr": 0.00701, "mean_sinr": 1.3091, "max_sinr": 256.0}
{"time": 50, "f(x)": 7.91119, "median_sinr": 0.02414, "mean_sinr": 2.9973, "max_sinr": 256.0}
{"time": 52, "f(x)": 7.77455, "median_sinr": 0.0365, "mean_sinr": 1.89666, "max_sinr": 256.0}
{"time": 54, "f(x)": 7.88788, "median_sinr": 0.00187, "mean_sinr": 1.05393, "max_sinr": 256.0}
{"time": 56, "f(x)": 12.18306, "median_sinr": 0.02775, "mean_sinr": 1.13651, "max_sinr": 141.25720396675632}
{"time": 58, "f(x)": 7.32865, "median_sinr": 0.00517, "mean_sinr": 2.12633, "max_sinr": 251.17512417854422}
{"time": 60, "f(x)": 5.76381, "median_sinr": 0.00111, "mean_sinr": 1.03326, "max_sinr": 256.0}
{"time": 62, "f(x)": 8.13667, "median_sinr": 0.00149, "mean_sinr": 2.20149, "max_sinr": 256.0}
{"time": 64, "f(x)": 6.59155, "median_sinr": 0.00582, "mean_sinr": 0.67825, "max_sinr": 256.0}
{"time": 66, "f(x)": 5.59112, "median_sinr": 0.00133, "mean_sinr": 1.59358, "max_sinr": 256.0}
{"time": 68, "f(x)": 7.30909, "median_sinr": 0.00458, "mean_sinr": 0.97459, "max_sinr": 256.0}
{"time": 70, "f(x)": 5.12446, "median_sinr": 0.00292, "mean_sinr": 0.62182, "max_sinr": 256.0}
{"time": 72, "f(x)": 12.15253, "median_sinr": 0.07472, "mean_sinr": 0.70346, "max_sinr": 135.438791773819}
{"time": 74, "f(x)": 8.70516, "median_sinr": 0.03548, "mean_sinr": 0.54238, "max_sinr": 110.62761459336599}
{"time": 76, "f(x)": 9.10103, "median_sinr": 0.04381, "mean_sinr": 1.05302, "max_sinr": 256.0}
{"time": 78, "f(x)": 8.09088, "median_sinr": 0.03179, "mean_sinr": 0.9753, "max_sinr": 256.0}
{"time": 80, "f(x)": 4.22089, "median_sinr": 0.00075, "mean_sinr": 1.70369, "max_sinr": 256.0}
{"time": 82, "f(x)": 6.96487, "median_sinr": 0.01656, "mean_sinr": 1.26068, "max_sinr": 256.0}
{"time": 84, "f(x)": 8.74483, "median_sinr": 0.00382, "mean_sinr": 2.0167, "max_sinr": 256.0}
{"time": 86, "f(x)": 6.28094, "median_sinr": 0.00138, "mean_sinr": 1.24482, "max_sinr": 256.0}
{"time": 88, "f(x)": 5.07875, "median_sinr": 0.00046, "mean_sinr": 1.53255, "max_sinr": 256.0}
{"time": 90, "f(x)": 7.34654, "median_sinr": 0.00136, "mean_sinr": 1.88926, "max_sinr": 256.0}
{"time": 92, "f(x)": 10.24294, "median_sinr": 0.01728, "mean_sinr": 2.19633, "max_sinr": 256.0}
{"time": 94, "f(x)": 6.55781, "median_sinr": 0.00315, "mean_sinr": 0.89858, "max_sinr": 256.0}
{"time": 96, "f(x)": 9.99618, "median_sinr": 0.04204, "mean_sinr": 1.35486, "max_sinr": 256.0}
{"time": 98, "f(x)": 7.68053, "median_sinr": 0.01205, "mean_sinr": 1.45115, "max_sinr": 256.0}
{"time": 100, "f(x)": 8.04256, "median_sinr": 0.0217, "mean_sinr": 2.49853, "max_sinr": 256.0}
{"time": 102, "f(x)": 5.0833, "median_sinr": 0.0048, "mean_sinr": 1.14709, "max_sinr": 256.0}
{"time": 104, "f(x)": 6.70568, "median_sinr": 0.00338, "mean_sinr": 0.71492, "max_sinr": 256.0}
{"time": 106, "f(x)": 8.51275, "median_sinr": 0.01231, "mean_sinr": 1.55386, "max_sinr": 256.0}
{"time": 108, "f(x)": 4.39899, "median_sinr": 0.00012, "mean_sinr": 1.19698, "max_sinr": 256.0}
{"time": 110, "f(x)": 8.40639, "median_sinr": 0.0179, "mean_sinr": 2.30956, "max_sinr": 256.0}
{"time": 112, "f(x)": 4.55025, "median_sinr": 0.00754, "mean_sinr": 1.48878, "max_sinr": 256.0}
{"time": 114, "f(x)": 4.02958, "median_sinr": 0.00012, "mean_sinr": 0.41287, "max_sinr": 110.9050141023452}
{"time": 116, "f(x)": 5.814, "median_sinr": 0.0005, "mean_sinr": 1.56666, "max_sinr": 256.0}
{"time": 118, "f(x)": 7.80123, "median_sinr": 0.0198, "mean_sinr": 0.7411, "max_sinr": 210.97549525309935}
{"time": 120, "f(x)": 7.05734, "median_sinr": 0.0062, "mean_sinr": 1.42477, "max_sinr": 256.0}
{"time": 122, "f(x)": 8.3225, "median_sinr": 0.00602, "mean_sinr": 1.01755, "max_sinr": 256.0}
{"time": 124, "f(x)": 10.11031, "median_sinr": 0.04757, "mean_sinr": 1.41085, "max_sinr": 256.0}
{"time": 126, "f(x)": 7.31724, "median_sinr": 0.00175, "mean_sinr": 1.306, "max_sinr": 256.0}
{"time": 128, "f(x)": 5.91494, "median_sinr": 0.01651, "mean_sinr": 2.00276, "max_sinr": 256.0}
{"time": 130, "f(x)": 5.44035, "median_sinr": 0.00085, "mean_sinr": 1.89787, "max_sinr": 256.0}
{"time": 132, "f(x)": 4.94119, "median_sinr": 0.00023, "mean_sinr": 1.10375, "max_sinr": 256.0}
{"time": 134, "f(x)": 15.91338, "median_sinr": 0.00586, "mean_sinr": 6.16946, "max_sinr": 256.0}
{"time": 136, "f(x)": 8.43594, "median_sinr": 0.08104, "mean_sinr": 3.84685, "max_sinr": 256.0}
{"time": 138, "f(x)": 6.07449, "median_sinr": 0.00624, "mean_sinr": 1.08524, "max_sinr": 256.0}
{"time": 140, "f(x)": 13.57225, "median_sinr": 0.0185, "mean_sinr": 2.47117, "max_sinr": 256.0}
{"time": 142, "f(x)": 8.44023, "median_sinr": 0.009, "mean_sinr": 2.32783, "max_sinr": 256.0}
{"time": 144, "f(x)": 8.02013, "median_sinr": 0.00793, "mean_sinr": 1.86774, "max_sinr": 256.0}
{"time": 146, "f(x)": 7.20717, "median_sinr": 0.01175, "mean_sinr": 1.26746, "max_sinr": 256.0}
{"time": 148, "f(x)": 7.39323, "median_sinr": 0.02371, "mean_sinr": 2.25038, "max_sinr": 256.0}
{"time": 150, "f(x)": 9.61308, "median_sinr": 0.03465, "mean_sinr": 4.7708, "max_sinr": 256.0}
{"time": 152, "f(x)": 6.92742, "median_sinr": 0.01656, "mean_sinr": 3.96305, "max_sinr": 256.0}
{"time": 154, "f(x)": 4.97431, "median_sinr": 0.00216, "mean_sinr": 1.22392, "max_sinr": 256.0}
{"time": 156, "f(x)": 7.09457, "median_sinr": 0.0059, "mean_sinr": 2.732, "max_sinr": 256.0}
{"time": 158, "f(x)": 8.44084, "median_sinr": 0.01197, "mean_sinr": 1.80182, "max_sinr": 256.0}
{"time": 160, "f(x)": 9.27304, "median_sinr": 0.01728, "mean_sinr": 1.0872, "max_sinr": 256.0}
{"time": 162, "f(x)": 6.49277, "median_sinr": 0.00126, "mean_sinr": 1.04472, "max_sinr": 256.0}
{"time": 164, "f(x)": 7.57825, "median_sinr": 0.01353, "mean_sinr": 1.97264, "max_sinr": 256.0}
{"time": 166, "f(x)": 6.98464, "median_sinr": 0.002, "mean_sinr": 1.06569,