{"time": 2, "f(x)": 7.83594, "median_sinr": 0.08874, "mean_sinr": 1.99736, "max_sinr": 256.0}
{"time": 4, "f(x)": 7.74595, "median_sinr": 0.09432, "mean_sinr": 1.97409, "max_sinr": 256.0}
{"time": 6, "f(x)": 7.74927, "median_sinr": 0.08705, "mean_sinr": 2.11118, "max_sinr": 256.0}
{"time": 8, "f(x)": 7.72748, "median_sinr": 0.08534, "mean_sinr": 2.33909, "max_sinr": 256.0}
{"time": 10, "f(x)": 7.83323, "median_sinr": 0.08971, "mean_sinr": 2.83789, "max_sinr": 256.0}
{"time": 12, "f(x)": 7.65232, "median_sinr": 0.08899, "mean_sinr": 2.30904, "max_sinr": 256.0}
{"time": 14, "f(x)": 7.68614, "median_sinr": 0.08742, "mean_sinr": 2.40641, "max_sinr": 256.0}
{"time": 16, "f(x)": 7.76519, "median_sinr": 0.09156, "mean_sinr": 2.72817, "max_sinr": 256.0}
{"time": 18, "f(x)": 7.84234, "median_sinr": 0.08679, "mean_sinr": 2.73921, "max_sinr": 256.0}
{"time": 20, "f(x)": 7.82866, "median_sinr": 0.08801, "mean_sinr": 2.56789, "max_sinr": 256.0}
{"time": 22, "f(x)": 6.29586, "median_sinr": 0.0879, "mean_sinr": 2.62428, "max_sinr": 256.0}
{"time": 24, "f(x)": 6.24816, "median_sinr": 0.08579, "mean_sinr": 3.03941, "max_sinr": 256.0}
{"time": 26, "f(x)": 6.30413, "median_sinr": 0.08983, "mean_sinr": 3.21565, "max_sinr": 256.0}
{"time": 28, "f(x)": 6.44139, "median_sinr": 0.08719, "mean_sinr": 3.60326, "max_sinr": 256.0}
{"time": 30, "f(x)": 7.91337, "median_sinr": 0.0916, "mean_sinr": 3.16138, "max_sinr": 256.0}
{"time": 32, "f(x)": 7.84931, "median_sinr": 0.08821, "mean_sinr": 3.08813, "max_sinr": 256.0}
{"time": 34, "f(x)": 7.83238, "median_sinr": 0.09494, "mean_sinr": 3.38658, "max_sinr": 256.0}
{"time": 36, "f(x)": 7.78946, "median_sinr": 0.0976, "mean_sinr": 3.15623, "max_sinr": 256.0}
{"time": 38, "f(x)": 7.82044, "median_sinr": 0.0933, "mean_sinr": 2.52285, "max_sinr": 256.0}
{"time": 40, "f(x)": 7.73509, "median_sinr": 0.09555, "mean_sinr": 2.40529, "max_sinr": 256.0}
{"time": 42, "f(x)": 4.89375, "median_sinr": 0.09485, "mean_sinr": 3.10128, "max_sinr": 256.0}
{"time": 44, "f(x)": 4.80917, "median_sinr": 0.09333, "mean_sinr": 2.12884, "max_sinr": 256.0}
{"time": 46, "f(x)": 4.91798, "median_sinr": 0.09568, "mean_sinr": 1.80475, "max_sinr": 256.0}
{"time": 48, "f(x)": 6.30277, "median_sinr": 0.09532, "mean_sinr": 1.81272, "max_sinr": 256.0}
{"time": 50, "f(x)": 7.78945, "median_sinr": 0.09492, "mean_sinr": 1.74412, "max_sinr": 256.0}
{"time": 52, "f(x)": 6.2644, "median_sinr": 0.09785, "mean_sinr": 1.62455, "max_sinr": 256.0}
{"time": 54, "f(x)": 6.30755, "median_sinr": 0.09839, "mean_sinr": 1.56973, "max_sinr": 256.0}
{"time": 56, "f(x)": 4.93139, "median_sinr": 0.09904, "mean_sinr": 1.60404, "max_sinr": 256.0}
{"time": 58, "f(x)": 4.91015, "median_sinr": 0.10235, "mean_sinr": 1.548, "max_sinr": 256.0}
{"time": 60, "f(x)": 7.7312, "median_sinr": 0.09566, "mean_sinr": 1.7497, "max_sinr": 256.0}
{"time": 62, "f(x)": 7.73746, "median_sinr": 0.09791, "mean_sinr": 1.54326, "max_sinr": 256.0}
{"time": 64, "f(x)": 7.80169, "median_sinr": 0.09348, "mean_sinr": 1.97819, "max_sinr": 256.0}
{"time": 66, "f(x)": 7.75795, "median_sinr": 0.09459, "mean_sinr": 1.8374, "max_sinr": 256.0}
{"time": 68, "f(x)": 7.828, "median_sinr": 0.09464, "mean_sinr": 1.58372, "max_sinr": 256.0}
{"time": 70, "f(x)": 7.74579, "median_sinr": 0.09688, "mean_sinr": 1.62313, "max_sinr": 256.0}
{"time": 72, "f(x)": 7.75429, "median_sinr": 0.09736, "mean_sinr": 1.2032, "max_sinr": 256.0}
{"time": 74, "f(x)": 7.7763, "median_sinr": 0.09799, "mean_sinr": 1.11566, "max_sinr": 97.27996274527385}
{"time": 76, "f(x)": 7.74606, "median_sinr": 0.09899, "mean_sinr": 0.95627, "max_sinr": 85.00938701832222}
{"time": 78, "f(x)": 7.79713, "median_sinr": 0.10006, "mean_sinr": 1.24085, "max_sinr": 101.18933089166167}
{"time": 80, "f(x)": 7.84834, "median_sinr": 0.09764, "mean_sinr": 1.29919, "max_sinr": 186.585552110995}
{"time": 82, "f(x)": 7.90213, "median_sinr": 0.10127, "mean_sinr": 1.22785, "max_sinr": 181.87923453476358}
{"time": 84, "f(x)": 7.85337, "median_sinr": 0.09961, "mean_sinr": 1.30936, "max_sinr": 213.21060286525184}
{"time": 86, "f(x)": 7.76982, "median_sinr": 0.10142, "mean_sinr": 1.27386, "max_sinr": 256.0}
{"time": 88, "f(x)": 7.81023, "median_sinr": 0.10475, "mean_sinr": 1.33164, "max_sinr": 256.0}
{"time": 90, "f(x)": 7.68002, "median_sinr": 0.10317, "mean_sinr": 2.00726, "max_sinr": 256.0}
{"time": 92, "f(x)": 7.78104, "median_sinr": 0.10477, "mean_sinr": 1.86361, "max_sinr": 256.0}
{"time": 94, "f(x)": 7.85811, "median_sinr": 0.10348, "mean_sinr": 1.78392, "max_sinr": 256.0}
{"time": 96, "f(x)": 7.81452, "median_sinr": 0.10269, "mean_sinr": 1.37755, "max_sinr": 256.0}
{"time": 98, "f(x)": 7.79017, "median_sinr": 0.1005, "mean_sinr": 1.44214, "max_sinr": 256.0}
{"time": 100, "f(x)": 7.75359, "median_sinr": 0.10177, "mean_sinr": 1.60658, "max_sinr": 256.0}
{"time": 102, "f(x)": 7.87546, "median_sinr": 0.10465, "mean_sinr": 1.14522, "max_sinr": 256.0}
{"time": 104, "f(x)": 7.8624, "median_sinr": 0.10221, "mean_sinr": 1.21169, "max_sinr": 256.0}
{"time": 106, "f(x)": 7.803, "median_sinr": 0.09858, "mean_sinr": 1.44281, "max_sinr": 256.0}
{"time": 108, "f(x)": 7.75592, "median_sinr": 0.09658, "mean_sinr": 1.50119, "max_sinr": 256.0}
{"time": 110, "f(x)": 7.77045, "median_sinr": 0.10216, "mean_sinr": 2.08089, "max_sinr": 256.0}
{"time": 112, "f(x)": 7.6954, "median_sinr": 0.10277, "mean_sinr": 1.43194, "max_sinr": 256.0}
{"time": 114, "f(x)": 7.77631, "median_sinr": 0.10282, "mean_sinr": 1.71538, "max_sinr": 256.0}
{"time": 116, "f(x)": 7.66795, "median_sinr": 0.10954, "mean_sinr": 1.71522, "max_sinr": 256.0}
{"time": 118, "f(x)": 7.66599, "median_sinr": 0.10331, "mean_sinr": 2.32823, "max_sinr": 256.0}
{"time": 120, "f(x)": 7.73502, "median_sinr": 0.10289, "mean_sinr": 2.3951, "max_sinr": 256.0}
{"time": 122, "f(x)": 7.62886, "median_sinr": 0.10162, "mean_sinr": 2.13698, "max_sinr": 256.0}
{"time": 124, "f(x)": 7.66645, "median_sinr": 0.10455, "mean_sinr": 1.925, "max_sinr": 256.0}
{"time": 126, "f(x)": 7.70026, "median_sinr": 0.10071, "mean_sinr": 1.90187, "max_sinr": 256.0}
{"time": 128, "f(x)": 7.76582, "median_sinr": 0.10338, "mean_sinr": 1.99882, "max_sinr": 256.0}
{"time": 130, "f(x)": 7.65771, "median_sinr": 0.09935, "mean_sinr": 2.37001, "max_sinr": 256.0}
{"time": 132, "f(x)": 7.52806, "median_sinr": 0.0976, "mean_sinr": 3.06134, "max_sinr": 256.0}
{"time": 134, "f(x)": 7.55281, "median_sinr": 0.09937, "mean_sinr": 3.37585, "max_sinr": 256.0}
{"time": 136, "f(x)": 7.63894, "median_sinr": 0.1021, "mean_sinr": 2.67734, "max_sinr": 256.0}
{"time": 138, "f(x)": 7.54664, "median_sinr": 0.09809, "mean_sinr": 2.4205, "max_sinr": 256.0}
{"time": 140, "f(x)": 7.61057, "median_sinr": 0.09682, "mean_sinr": 2.59106, "max_sinr": 256.0}
{"time": 142, "f(x)": 7.6126, "median_sinr": 0.09981, "mean_sinr": 2.71791, "max_sinr": 256.0}
{"time": 144, "f(x)": 7.666, "median_sinr": 0.10687, "mean_sinr": 2.29911, "max_sinr": 256.0}
{"time": 146, "f(x)": 7.59813, "median_sinr": 0.10747, "mean_sinr": 1.90598, "max_sinr": 256.0}
{"time": 148, "f(x)": 7.57012, "median_sinr": 0.10614, "mean_sinr": 1.77784, "max_sinr": 256.0}
{"time": 150, "f(x)": 7.59179, "median_sinr": 0.10335, "mean_sinr": 2.35305, "max_sinr": 256.0}
{"time": 152, "f(x)": 7.62942, "median_sinr": 0.10434, "mean_sinr": 1.92315, "max_sinr": 256.0}
{"time": 154, "f(x)": 7.60118, "median_sinr": 0.10154, "mean_sinr": 1.95, "max_sinr": 256.0}
{"time": 156, "f(x)": 7.64784, "median_sinr": 0.10426, "mean_sinr": 2.60323, "max_sinr": 256.0}
{"time": 158, "f(x)": 7.65486, "median_sinr": 0.10542, "mean_sinr": 2.51299, "max_sinr": 256.0}
{"time": 160, "f(x)": 7.64834, "median_sinr": 0.09854, "mean_sinr": 2.55447, "max_sinr": 256.0}
{"time": 162, "f(x)": 7.60687, "median_sinr": 0.0994, "mean_sinr": 2.49004, "max_sinr": 256.0}
{"time": 164, "f(x)": 7.59635, "median_sinr": 0.09854, "mean_sinr": 2.26653, "max_sinr": 256.0}
{"time": 166, "f(x)": 7.59456, "median_sinr": 0.10772, "mean_sinr": 2.57035, "max_sinr": 256.0}
{"time": 168, "f(x)": 7.59182,