{"time": 2, "f(x)": 8.04239, "median_sinr": 0.07338, "mean_sinr": 2.01644, "max_sinr": 256.0}
{"time": 4, "f(x)": 7.93835, "median_sinr": 0.06539, "mean_sinr": 1.81868, "max_sinr": 256.0}
{"time": 6, "f(x)": 7.89719, "median_sinr": 0.07103, "mean_sinr": 1.71484, "max_sinr": 256.0}
{"time": 8, "f(x)": 7.9125, "median_sinr": 0.06843, "mean_sinr": 1.72961, "max_sinr": 256.0}
{"time": 10, "f(x)": 7.97468, "median_sinr": 0.07137, "mean_sinr": 1.93934, "max_sinr": 256.0}
{"time": 12, "f(x)": 7.89751, "median_sinr": 0.06364, "mean_sinr": 1.93854, "max_sinr": 256.0}
{"time": 14, "f(x)": 7.89775, "median_sinr": 0.06836, "mean_sinr": 1.52288, "max_sinr": 256.0}
{"time": 16, "f(x)": 7.95239, "median_sinr": 0.06967, "mean_sinr": 1.7154, "max_sinr": 245.071840888954}
{"time": 18, "f(x)": 7.90372, "median_sinr": 0.07092, "mean_sinr": 1.57279, "max_sinr": 256.0}
{"time": 20, "f(x)": 7.98038, "median_sinr": 0.07507, "mean_sinr": 1.80079, "max_sinr": 256.0}
{"time": 22, "f(x)": 7.86697, "median_sinr": 0.06664, "mean_sinr": 1.5628, "max_sinr": 256.0}
{"time": 24, "f(x)": 7.82774, "median_sinr": 0.06836, "mean_sinr": 2.17027, "max_sinr": 256.0}
{"time": 26, "f(x)": 7.86122, "median_sinr": 0.07161, "mean_sinr": 2.17075, "max_sinr": 256.0}
{"time": 28, "f(x)": 7.89586, "median_sinr": 0.07134, "mean_sinr": 2.15876, "max_sinr": 256.0}
{"time": 30, "f(x)": 7.92807, "median_sinr": 0.07177, "mean_sinr": 2.0837, "max_sinr": 256.0}
{"time": 32, "f(x)": 7.91575, "median_sinr": 0.06984, "mean_sinr": 2.02295, "max_sinr": 256.0}
{"time": 34, "f(x)": 7.84615, "median_sinr": 0.06859, "mean_sinr": 2.02823, "max_sinr": 256.0}
{"time": 36, "f(x)": 7.94509, "median_sinr": 0.07304, "mean_sinr": 2.42049, "max_sinr": 256.0}
{"time": 38, "f(x)": 7.98044, "median_sinr": 0.07154, "mean_sinr": 1.93315, "max_sinr": 256.0}
{"time": 40, "f(x)": 7.85107, "median_sinr": 0.07081, "mean_sinr": 1.76173, "max_sinr": 256.0}
{"time": 42, "f(x)": 7.93873, "median_sinr": 0.07086, "mean_sinr": 2.25275, "max_sinr": 256.0}
{"time": 44, "f(x)": 7.84093, "median_sinr": 0.06954, "mean_sinr": 2.07464, "max_sinr": 256.0}
{"time": 46, "f(x)": 7.89981, "median_sinr": 0.0709, "mean_sinr": 1.89861, "max_sinr": 256.0}
{"time": 48, "f(x)": 7.81888, "median_sinr": 0.06896, "mean_sinr": 1.86846, "max_sinr": 256.0}
{"time": 50, "f(x)": 7.86883, "median_sinr": 0.07135, "mean_sinr": 1.86642, "max_sinr": 256.0}
{"time": 52, "f(x)": 7.84749, "median_sinr": 0.07354, "mean_sinr": 1.48507, "max_sinr": 256.0}
{"time": 54, "f(x)": 7.88951, "median_sinr": 0.07148, "mean_sinr": 1.79549, "max_sinr": 256.0}
{"time": 56, "f(x)": 7.83648, "median_sinr": 0.07429, "mean_sinr": 1.99516, "max_sinr": 256.0}
{"time": 58, "f(x)": 7.83938, "median_sinr": 0.07382, "mean_sinr": 1.4577, "max_sinr": 256.0}
{"time": 60, "f(x)": 7.78963, "median_sinr": 0.0675, "mean_sinr": 1.65865, "max_sinr": 256.0}
{"time": 62, "f(x)": 7.80627, "median_sinr": 0.07165, "mean_sinr": 1.31653, "max_sinr": 256.0}
{"time": 64, "f(x)": 7.83509, "median_sinr": 0.07071, "mean_sinr": 1.23732, "max_sinr": 256.0}
{"time": 66, "f(x)": 7.7638, "median_sinr": 0.07218, "mean_sinr": 1.21035, "max_sinr": 256.0}
{"time": 68, "f(x)": 7.80039, "median_sinr": 0.06947, "mean_sinr": 1.40738, "max_sinr": 256.0}
{"time": 70, "f(x)": 7.7675, "median_sinr": 0.06853, "mean_sinr": 1.66025, "max_sinr": 256.0}
{"time": 72, "f(x)": 7.76315, "median_sinr": 0.07159, "mean_sinr": 1.50262, "max_sinr": 256.0}
{"time": 74, "f(x)": 7.67208, "median_sinr": 0.06848, "mean_sinr": 2.10822, "max_sinr": 256.0}
{"time": 76, "f(x)": 7.74243, "median_sinr": 0.06745, "mean_sinr": 1.75008, "max_sinr": 256.0}
{"time": 78, "f(x)": 7.77118, "median_sinr": 0.06725, "mean_sinr": 2.36123, "max_sinr": 256.0}
{"time": 80, "f(x)": 7.77819, "median_sinr": 0.06829, "mean_sinr": 2.1653, "max_sinr": 256.0}
{"time": 82, "f(x)": 7.76486, "median_sinr": 0.07076, "mean_sinr": 2.29626, "max_sinr": 256.0}
{"time": 84, "f(x)": 7.73605, "median_sinr": 0.06784, "mean_sinr": 2.12748, "max_sinr": 256.0}
{"time": 86, "f(x)": 7.75224, "median_sinr": 0.07046, "mean_sinr": 2.12386, "max_sinr": 256.0}
{"time": 88, "f(x)": 7.75434, "median_sinr": 0.06925, "mean_sinr": 2.24445, "max_sinr": 256.0}
{"time": 90, "f(x)": 7.6457, "median_sinr": 0.06649, "mean_sinr": 2.22689, "max_sinr": 256.0}
{"time": 92, "f(x)": 7.64664, "median_sinr": 0.06718, "mean_sinr": 2.16275, "max_sinr": 256.0}
{"time": 94, "f(x)": 7.73153, "median_sinr": 0.06773, "mean_sinr": 2.34949, "max_sinr": 256.0}
{"time": 96, "f(x)": 7.64926, "median_sinr": 0.06682, "mean_sinr": 2.41911, "max_sinr": 256.0}
{"time": 98, "f(x)": 7.62782, "median_sinr": 0.06638, "mean_sinr": 2.43739, "max_sinr": 256.0}
{"time": 100, "f(x)": 7.63373, "median_sinr": 0.06969, "mean_sinr": 2.45466, "max_sinr": 256.0}
{"time": 102, "f(x)": 7.68976, "median_sinr": 0.07043, "mean_sinr": 1.86594, "max_sinr": 256.0}
{"time": 104, "f(x)": 7.69092, "median_sinr": 0.07057, "mean_sinr": 1.89223, "max_sinr": 256.0}
{"time": 106, "f(x)": 7.60203, "median_sinr": 0.06595, "mean_sinr": 1.72817, "max_sinr": 256.0}
{"time": 108, "f(x)": 7.61299, "median_sinr": 0.06629, "mean_sinr": 1.64122, "max_sinr": 256.0}
{"time": 110, "f(x)": 7.61221, "median_sinr": 0.07018, "mean_sinr": 2.19642, "max_sinr": 256.0}
{"time": 112, "f(x)": 7.55306, "median_sinr": 0.06969, "mean_sinr": 2.23236, "max_sinr": 256.0}
{"time": 114, "f(x)": 7.59184, "median_sinr": 0.06921, "mean_sinr": 2.48916, "max_sinr": 256.0}
{"time": 116, "f(x)": 7.51483, "median_sinr": 0.06789, "mean_sinr": 2.35577, "max_sinr": 256.0}
{"time": 118, "f(x)": 7.57984, "median_sinr": 0.06888, "mean_sinr": 2.98961, "max_sinr": 256.0}
{"time": 120, "f(x)": 7.52507, "median_sinr": 0.06939, "mean_sinr": 3.32123, "max_sinr": 256.0}
{"time": 122, "f(x)": 7.4876, "median_sinr": 0.07241, "mean_sinr": 3.18967, "max_sinr": 256.0}
{"time": 124, "f(x)": 7.50605, "median_sinr": 0.06924, "mean_sinr": 3.31029, "max_sinr": 256.0}
{"time": 126, "f(x)": 7.51364, "median_sinr": 0.07127, "mean_sinr": 3.16088, "max_sinr": 256.0}
{"time": 128, "f(x)": 7.55595, "median_sinr": 0.07156, "mean_sinr": 3.43052, "max_sinr": 256.0}
{"time": 130, "f(x)": 7.46724, "median_sinr": 0.07036, "mean_sinr": 3.49713, "max_sinr": 256.0}
{"time": 132, "f(x)": 7.39402, "median_sinr": 0.0667, "mean_sinr": 3.23236, "max_sinr": 256.0}
{"time": 134, "f(x)": 7.45454, "median_sinr": 0.06725, "mean_sinr": 3.50582, "max_sinr": 256.0}
{"time": 136, "f(x)": 7.55468, "median_sinr": 0.06872, "mean_sinr": 3.45836, "max_sinr": 256.0}
{"time": 138, "f(x)": 7.41232, "median_sinr": 0.06739, "mean_sinr": 3.37213, "max_sinr": 256.0}
{"time": 140, "f(x)": 7.45907, "median_sinr": 0.06902, "mean_sinr": 2.95087, "max_sinr": 256.0}
{"time": 142, "f(x)": 7.47195, "median_sinr": 0.06578, "mean_sinr": 3.51906, "max_sinr": 256.0}
{"time": 144, "f(x)": 7.507, "median_sinr": 0.06784, "mean_sinr": 2.91495, "max_sinr": 256.0}
{"time": 146, "f(x)": 7.5133, "median_sinr": 0.0695, "mean_sinr": 3.14417, "max_sinr": 256.0}
{"time": 148, "f(x)": 7.50802, "median_sinr": 0.06921, "mean_sinr": 2.96761, "max_sinr": 256.0}
{"time": 150, "f(x)": 7.46904, "median_sinr": 0.06671, "mean_sinr": 3.37362, "max_sinr": 256.0}
{"time": 152, "f(x)": 7.46275, "median_sinr": 0.06338, "mean_sinr": 3.76425, "max_sinr": 256.0}
{"time": 154, "f(x)": 7.43184, "median_sinr": 0.06735, "mean_sinr": 3.50964, "max_sinr": 256.0}
{"time": 156, "f(x)": 7.4878, "median_sinr": 0.06847, "mean_sinr": 3.75475, "max_sinr": 256.0}
{"time": 158, "f(x)": 7.44087, "median_sinr": 0.06578, "mean_sinr": 3.5502, "max_sinr": 256.0}
{"time": 160, "f(x)": 7.48358, "median_sinr": 0.06588, "mean_sinr": 3.28377, "max_sinr": 256.0}
{"time": 162, "f(x)": 7.44226, "median_sinr": 0.06448, "mean_sinr": 3.36438, "max_sinr": 256.0}
{"time": 164, "f(x)": 7.46757, "median_sinr": 0.06619, "mean_sinr": 3.24934, "max_sinr": 256.0}
{"time": 166, "f(x)": 7.52549, "median_sinr": 0.06576, "mean_sinr": 3.27584, "max_sinr": 256.0}
{"time": 168, "f(x)": 7.45271, "median_sinr": 0.06255, "mean_sinr": 2.81876,