{"time": 2, "f(x)": 8.57564, "median_sinr": 0.03339, "mean_sinr": 2.15727, "max_sinr": 256.0}
{"time": 4, "f(x)": 8.47861, "median_sinr": 0.03364, "mean_sinr": 2.1505, "max_sinr": 256.0}
{"time": 6, "f(x)": 8.53492, "median_sinr": 0.03431, "mean_sinr": 2.00113, "max_sinr": 256.0}
{"time": 8, "f(x)": 8.47596, "median_sinr": 0.03034, "mean_sinr": 2.22304, "max_sinr": 256.0}
{"time": 10, "f(x)": 8.5131, "median_sinr": 0.03209, "mean_sinr": 2.54248, "max_sinr": 256.0}
{"time": 12, "f(x)": 8.33142, "median_sinr": 0.03102, "mean_sinr": 2.31208, "max_sinr": 256.0}
{"time": 14, "f(x)": 8.30525, "median_sinr": 0.03116, "mean_sinr": 2.08717, "max_sinr": 256.0}
{"time": 16, "f(x)": 8.47204, "median_sinr": 0.03192, "mean_sinr": 2.41351, "max_sinr": 256.0}
{"time": 18, "f(x)": 8.47294, "median_sinr": 0.03072, "mean_sinr": 2.29657, "max_sinr": 256.0}
{"time": 20, "f(x)": 8.46233, "median_sinr": 0.03043, "mean_sinr": 1.83174, "max_sinr": 256.0}
{"time": 22, "f(x)": 8.39758, "median_sinr": 0.02994, "mean_sinr": 1.67668, "max_sinr": 256.0}
{"time": 24, "f(x)": 8.36786, "median_sinr": 0.02957, "mean_sinr": 1.70499, "max_sinr": 256.0}
{"time": 26, "f(x)": 8.48605, "median_sinr": 0.03256, "mean_sinr": 2.1126, "max_sinr": 256.0}
{"time": 28, "f(x)": 8.54912, "median_sinr": 0.03147, "mean_sinr": 2.43106, "max_sinr": 256.0}
{"time": 30, "f(x)": 8.57194, "median_sinr": 0.03309, "mean_sinr": 2.64414, "max_sinr": 256.0}
{"time": 32, "f(x)": 8.52394, "median_sinr": 0.03316, "mean_sinr": 2.6976, "max_sinr": 256.0}
{"time": 34, "f(x)": 8.45209, "median_sinr": 0.03318, "mean_sinr": 2.14753, "max_sinr": 256.0}
{"time": 36, "f(x)": 8.5361, "median_sinr": 0.03287, "mean_sinr": 2.20807, "max_sinr": 256.0}
{"time": 38, "f(x)": 8.613, "median_sinr": 0.03313, "mean_sinr": 1.86918, "max_sinr": 256.0}
{"time": 40, "f(x)": 8.5131, "median_sinr": 0.03324, "mean_sinr": 1.47088, "max_sinr": 256.0}
{"time": 42, "f(x)": 8.64494, "median_sinr": 0.03385, "mean_sinr": 1.82374, "max_sinr": 256.0}
{"time": 44, "f(x)": 8.58584, "median_sinr": 0.03265, "mean_sinr": 1.2178, "max_sinr": 256.0}
{"time": 46, "f(x)": 8.52732, "median_sinr": 0.03183, "mean_sinr": 1.18968, "max_sinr": 256.0}
{"time": 48, "f(x)": 8.47789, "median_sinr": 0.03352, "mean_sinr": 1.82699, "max_sinr": 256.0}
{"time": 50, "f(x)": 8.48559, "median_sinr": 0.0317, "mean_sinr": 1.80849, "max_sinr": 256.0}
{"time": 52, "f(x)": 8.41494, "median_sinr": 0.03037, "mean_sinr": 1.96879, "max_sinr": 256.0}
{"time": 54, "f(x)": 8.42342, "median_sinr": 0.02997, "mean_sinr": 1.68454, "max_sinr": 256.0}
{"time": 56, "f(x)": 8.37704, "median_sinr": 0.0299, "mean_sinr": 2.06023, "max_sinr": 256.0}
{"time": 58, "f(x)": 8.42632, "median_sinr": 0.03018, "mean_sinr": 1.88459, "max_sinr": 256.0}
{"time": 60, "f(x)": 8.33786, "median_sinr": 0.03111, "mean_sinr": 2.25854, "max_sinr": 256.0}
{"time": 62, "f(x)": 8.36079, "median_sinr": 0.0324, "mean_sinr": 1.88106, "max_sinr": 256.0}
{"time": 64, "f(x)": 8.39549, "median_sinr": 0.02943, "mean_sinr": 1.87258, "max_sinr": 256.0}
{"time": 66, "f(x)": 8.36628, "median_sinr": 0.02998, "mean_sinr": 1.82122, "max_sinr": 256.0}
{"time": 68, "f(x)": 8.43932, "median_sinr": 0.0324, "mean_sinr": 1.74116, "max_sinr": 256.0}
{"time": 70, "f(x)": 8.45015, "median_sinr": 0.03228, "mean_sinr": 1.56591, "max_sinr": 256.0}
{"time": 72, "f(x)": 8.43046, "median_sinr": 0.03224, "mean_sinr": 1.52717, "max_sinr": 256.0}
{"time": 74, "f(x)": 8.30292, "median_sinr": 0.0329, "mean_sinr": 1.72764, "max_sinr": 256.0}
{"time": 76, "f(x)": 8.37137, "median_sinr": 0.03319, "mean_sinr": 1.31145, "max_sinr": 256.0}
{"time": 78, "f(x)": 8.39871, "median_sinr": 0.03383, "mean_sinr": 1.32639, "max_sinr": 256.0}
{"time": 80, "f(x)": 8.49368, "median_sinr": 0.03313, "mean_sinr": 1.48328, "max_sinr": 256.0}
{"time": 82, "f(x)": 8.4485, "median_sinr": 0.03248, "mean_sinr": 1.65954, "max_sinr": 256.0}
{"time": 84, "f(x)": 8.43063, "median_sinr": 0.03334, "mean_sinr": 1.81107, "max_sinr": 256.0}
{"time": 86, "f(x)": 8.43344, "median_sinr": 0.0329, "mean_sinr": 2.05629, "max_sinr": 256.0}
{"time": 88, "f(x)": 8.48745, "median_sinr": 0.03295, "mean_sinr": 2.12189, "max_sinr": 256.0}
{"time": 90, "f(x)": 8.32465, "median_sinr": 0.03189, "mean_sinr": 2.50481, "max_sinr": 256.0}
{"time": 92, "f(x)": 8.30049, "median_sinr": 0.03212, "mean_sinr": 2.83981, "max_sinr": 256.0}
{"time": 94, "f(x)": 8.32596, "median_sinr": 0.03186, "mean_sinr": 2.975, "max_sinr": 256.0}
{"time": 96, "f(x)": 8.32037, "median_sinr": 0.03308, "mean_sinr": 2.57702, "max_sinr": 256.0}
{"time": 98, "f(x)": 8.25737, "median_sinr": 0.03152, "mean_sinr": 2.01541, "max_sinr": 256.0}
{"time": 100, "f(x)": 8.26395, "median_sinr": 0.03125, "mean_sinr": 2.76884, "max_sinr": 256.0}
{"time": 102, "f(x)": 8.31792, "median_sinr": 0.03321, "mean_sinr": 2.04053, "max_sinr": 256.0}
{"time": 104, "f(x)": 8.37636, "median_sinr": 0.03385, "mean_sinr": 2.0964, "max_sinr": 256.0}
{"time": 106, "f(x)": 8.27182, "median_sinr": 0.03335, "mean_sinr": 1.83835, "max_sinr": 256.0}
{"time": 108, "f(x)": 8.22416, "median_sinr": 0.03196, "mean_sinr": 1.80713, "max_sinr": 256.0}
{"time": 110, "f(x)": 8.25484, "median_sinr": 0.03213, "mean_sinr": 2.16461, "max_sinr": 256.0}
{"time": 112, "f(x)": 8.19135, "median_sinr": 0.03297, "mean_sinr": 1.85868, "max_sinr": 256.0}
{"time": 114, "f(x)": 8.223, "median_sinr": 0.03117, "mean_sinr": 1.94146, "max_sinr": 256.0}
{"time": 116, "f(x)": 8.13734, "median_sinr": 0.03467, "mean_sinr": 2.07108, "max_sinr": 256.0}
{"time": 118, "f(x)": 8.25396, "median_sinr": 0.03373, "mean_sinr": 2.42633, "max_sinr": 256.0}
{"time": 120, "f(x)": 8.24041, "median_sinr": 0.03324, "mean_sinr": 2.38254, "max_sinr": 256.0}
{"time": 122, "f(x)": 8.20092, "median_sinr": 0.03094, "mean_sinr": 2.32823, "max_sinr": 256.0}
{"time": 124, "f(x)": 8.28776, "median_sinr": 0.03283, "mean_sinr": 2.57937, "max_sinr": 256.0}
{"time": 126, "f(x)": 8.34478, "median_sinr": 0.03133, "mean_sinr": 2.60751, "max_sinr": 256.0}
{"time": 128, "f(x)": 8.39682, "median_sinr": 0.0311, "mean_sinr": 2.66901, "max_sinr": 256.0}
{"time": 130, "f(x)": 8.26817, "median_sinr": 0.0295, "mean_sinr": 3.07989, "max_sinr": 256.0}
{"time": 132, "f(x)": 8.16188, "median_sinr": 0.03226, "mean_sinr": 2.79234, "max_sinr": 256.0}
{"time": 134, "f(x)": 8.25089, "median_sinr": 0.03214, "mean_sinr": 3.02507, "max_sinr": 256.0}
{"time": 136, "f(x)": 8.40274, "median_sinr": 0.03381, "mean_sinr": 2.56394, "max_sinr": 256.0}
{"time": 138, "f(x)": 8.21786, "median_sinr": 0.03214, "mean_sinr": 2.47068, "max_sinr": 256.0}
{"time": 140, "f(x)": 8.29408, "median_sinr": 0.03221, "mean_sinr": 2.71189, "max_sinr": 256.0}
{"time": 142, "f(x)": 8.26289, "median_sinr": 0.03111, "mean_sinr": 2.82408, "max_sinr": 256.0}
{"time": 144, "f(x)": 8.30788, "median_sinr": 0.03234, "mean_sinr": 2.41552, "max_sinr": 256.0}
{"time": 146, "f(x)": 8.29745, "median_sinr": 0.03161, "mean_sinr": 2.16544, "max_sinr": 256.0}
{"time": 148, "f(x)": 8.33293, "median_sinr": 0.03112, "mean_sinr": 2.35101, "max_sinr": 256.0}
{"time": 150, "f(x)": 8.31331, "median_sinr": 0.0319, "mean_sinr": 2.34217, "max_sinr": 256.0}
{"time": 152, "f(x)": 8.2743, "median_sinr": 0.03071, "mean_sinr": 2.24369, "max_sinr": 256.0}
{"time": 154, "f(x)": 8.28718, "median_sinr": 0.03104, "mean_sinr": 1.99576, "max_sinr": 256.0}
{"time": 156, "f(x)": 8.4343, "median_sinr": 0.03251, "mean_sinr": 2.2695, "max_sinr": 256.0}
{"time": 158, "f(x)": 8.31831, "median_sinr": 0.03044, "mean_sinr": 1.75611, "max_sinr": 256.0}
{"time": 160, "f(x)": 8.30822, "median_sinr": 0.03086, "mean_sinr": 1.66673, "max_sinr": 256.0}
{"time": 162, "f(x)": 8.40855, "median_sinr": 0.03172, "mean_sinr": 1.86473, "max_sinr": 256.0}
{"time": 164, "f(x)": 8.41565, "median_sinr": 0.03017, "mean_sinr": 1.85313, "max_sinr": 256.0}
{"time": 166, "f(x)": 8.50791, "median_sinr": 0.0321, "mean_sinr": 1.47686, "max_sinr": 256.0}
{"time": 168, "f(x)": 8.38622, "median_sinr": 0.03044, "mean_sinr": 1.56007, "max_sinr": 256.0}
{"time": 170,