{"time": 2, "f(x)": 6.96975, "median_sinr": 0.00044, "mean_sinr": 1.25372, "max_sinr": 256.0}
{"time": 4, "f(x)": 7.64762, "median_sinr": 0.06194, "mean_sinr": 2.51142, "max_sinr": 256.0}
{"time": 6, "f(x)": 8.68061, "median_sinr": 0.02846, "mean_sinr": 1.40212, "max_sinr": 256.0}
{"time": 8, "f(x)": 7.83054, "median_sinr": 0.00394, "mean_sinr": 1.13714, "max_sinr": 256.0}
{"time": 10, "f(x)": 8.99282, "median_sinr": 0.02554, "mean_sinr": 0.92537, "max_sinr": 256.0}
{"time": 12, "f(x)": 8.70018, "median_sinr": 0.01759, "mean_sinr": 2.00588, "max_sinr": 256.0}
{"time": 14, "f(x)": 8.75378, "median_sinr": 0.00229, "mean_sinr": 0.55968, "max_sinr": 93.48713962616551}
{"time": 16, "f(x)": 9.31629, "median_sinr": 0.04049, "mean_sinr": 1.65031, "max_sinr": 256.0}
{"time": 18, "f(x)": 7.8852, "median_sinr": 0.01121, "mean_sinr": 1.29427, "max_sinr": 217.6314949048494}
{"time": 20, "f(x)": 7.15655, "median_sinr": 0.00153, "mean_sinr": 1.41767, "max_sinr": 256.0}
{"time": 22, "f(x)": 5.46536, "median_sinr": 0.00112, "mean_sinr": 0.42862, "max_sinr": 256.0}
{"time": 24, "f(x)": 10.5642, "median_sinr": 0.06511, "mean_sinr": 1.31396, "max_sinr": 256.0}
{"time": 26, "f(x)": 9.0306, "median_sinr": 0.02899, "mean_sinr": 2.51273, "max_sinr": 256.0}
{"time": 28, "f(x)": 8.29065, "median_sinr": 0.01127, "mean_sinr": 1.53936, "max_sinr": 256.0}
{"time": 30, "f(x)": 9.46626, "median_sinr": 0.01618, "mean_sinr": 2.09311, "max_sinr": 256.0}
{"time": 32, "f(x)": 8.88684, "median_sinr": 0.02402, "mean_sinr": 2.03156, "max_sinr": 256.0}
{"time": 34, "f(x)": 9.72744, "median_sinr": 0.07174, "mean_sinr": 1.99303, "max_sinr": 256.0}
{"time": 36, "f(x)": 9.65163, "median_sinr": 0.06259, "mean_sinr": 2.03004, "max_sinr": 256.0}
{"time": 38, "f(x)": 10.15354, "median_sinr": 0.06901, "mean_sinr": 2.39368, "max_sinr": 256.0}
{"time": 40, "f(x)": 10.07478, "median_sinr": 0.06492, "mean_sinr": 2.08731, "max_sinr": 256.0}
{"time": 42, "f(x)": 10.17889, "median_sinr": 0.07143, "mean_sinr": 2.26561, "max_sinr": 256.0}
{"time": 44, "f(x)": 9.59728, "median_sinr": 0.06688, "mean_sinr": 1.56051, "max_sinr": 256.0}
{"time": 46, "f(x)": 9.82115, "median_sinr": 0.05913, "mean_sinr": 1.3253, "max_sinr": 256.0}
{"time": 48, "f(x)": 10.05432, "median_sinr": 0.07101, "mean_sinr": 1.71778, "max_sinr": 256.0}
{"time": 50, "f(x)": 9.99979, "median_sinr": 0.073, "mean_sinr": 1.96909, "max_sinr": 256.0}
{"time": 52, "f(x)": 10.18936, "median_sinr": 0.0827, "mean_sinr": 2.28945, "max_sinr": 256.0}
{"time": 54, "f(x)": 9.69856, "median_sinr": 0.07944, "mean_sinr": 2.33425, "max_sinr": 256.0}
{"time": 56, "f(x)": 9.55192, "median_sinr": 0.07137, "mean_sinr": 2.4123, "max_sinr": 256.0}
{"time": 58, "f(x)": 9.47972, "median_sinr": 0.07766, "mean_sinr": 1.53695, "max_sinr": 256.0}
{"time": 60, "f(x)": 10.24728, "median_sinr": 0.10843, "mean_sinr": 2.13067, "max_sinr": 256.0}
{"time": 62, "f(x)": 10.11423, "median_sinr": 0.09662, "mean_sinr": 1.96692, "max_sinr": 256.0}
{"time": 64, "f(x)": 10.73365, "median_sinr": 0.10533, "mean_sinr": 1.9285, "max_sinr": 256.0}
{"time": 66, "f(x)": 10.78767, "median_sinr": 0.11324, "mean_sinr": 2.00788, "max_sinr": 256.0}
{"time": 68, "f(x)": 9.7636, "median_sinr": 0.0815, "mean_sinr": 1.89555, "max_sinr": 256.0}
{"time": 70, "f(x)": 10.39929, "median_sinr": 0.08367, "mean_sinr": 2.02271, "max_sinr": 256.0}
{"time": 72, "f(x)": 10.48773, "median_sinr": 0.11073, "mean_sinr": 2.55524, "max_sinr": 256.0}
{"time": 74, "f(x)": 10.20375, "median_sinr": 0.11268, "mean_sinr": 3.39462, "max_sinr": 256.0}
{"time": 76, "f(x)": 10.3866, "median_sinr": 0.11518, "mean_sinr": 2.76036, "max_sinr": 256.0}
{"time": 78, "f(x)": 10.6567, "median_sinr": 0.13479, "mean_sinr": 2.68046, "max_sinr": 256.0}
{"time": 80, "f(x)": 10.57289, "median_sinr": 0.14568, "mean_sinr": 3.40518, "max_sinr": 256.0}
{"time": 82, "f(x)": 10.51045, "median_sinr": 0.14156, "mean_sinr": 3.61754, "max_sinr": 256.0}
{"time": 84, "f(x)": 11.23919, "median_sinr": 0.21888, "mean_sinr": 4.56873, "max_sinr": 256.0}
{"time": 86, "f(x)": 11.09031, "median_sinr": 0.24013, "mean_sinr": 4.07451, "max_sinr": 256.0}
{"time": 88, "f(x)": 10.67692, "median_sinr": 0.2189, "mean_sinr": 3.97742, "max_sinr": 256.0}
{"time": 90, "f(x)": 10.1191, "median_sinr": 0.23745, "mean_sinr": 4.86783, "max_sinr": 256.0}
{"time": 92, "f(x)": 10.40629, "median_sinr": 0.31759, "mean_sinr": 5.34287, "max_sinr": 256.0}
{"time": 94, "f(x)": 10.53937, "median_sinr": 0.3393, "mean_sinr": 5.74412, "max_sinr": 256.0}
{"time": 96, "f(x)": 10.0833, "median_sinr": 0.27774, "mean_sinr": 4.89927, "max_sinr": 256.0}
{"time": 98, "f(x)": 10.49844, "median_sinr": 0.30667, "mean_sinr": 4.68069, "max_sinr": 256.0}
{"time": 100, "f(x)": 10.22389, "median_sinr": 0.30517, "mean_sinr": 4.55556, "max_sinr": 256.0}
{"time": 102, "f(x)": 10.26124, "median_sinr": 0.30403, "mean_sinr": 4.2463, "max_sinr": 256.0}
{"time": 104, "f(x)": 10.22889, "median_sinr": 0.31129, "mean_sinr": 5.30429, "max_sinr": 256.0}
{"time": 106, "f(x)": 10.18015, "median_sinr": 0.30284, "mean_sinr": 4.94974, "max_sinr": 256.0}
{"time": 108, "f(x)": 10.14543, "median_sinr": 0.29963, "mean_sinr": 4.88367, "max_sinr": 256.0}
{"time": 110, "f(x)": 10.09461, "median_sinr": 0.31138, "mean_sinr": 5.03297, "max_sinr": 256.0}
{"time": 112, "f(x)": 10.29273, "median_sinr": 0.34116, "mean_sinr": 4.87615, "max_sinr": 256.0}
{"time": 114, "f(x)": 9.97789, "median_sinr": 0.30541, "mean_sinr": 4.57149, "max_sinr": 256.0}
{"time": 116, "f(x)": 10.03149, "median_sinr": 0.34213, "mean_sinr": 4.83774, "max_sinr": 256.0}
{"time": 118, "f(x)": 10.12774, "median_sinr": 0.33261, "mean_sinr": 5.98516, "max_sinr": 256.0}
{"time": 120, "f(x)": 10.12974, "median_sinr": 0.32993, "mean_sinr": 5.64134, "max_sinr": 256.0}
{"time": 122, "f(x)": 9.88692, "median_sinr": 0.3109, "mean_sinr": 6.01387, "max_sinr": 256.0}
{"time": 124, "f(x)": 11.27651, "median_sinr": 0.49476, "mean_sinr": 6.43662, "max_sinr": 256.0}
{"time": 126, "f(x)": 10.92172, "median_sinr": 0.4262, "mean_sinr": 4.84092, "max_sinr": 256.0}
{"time": 128, "f(x)": 9.32802, "median_sinr": 0.20771, "mean_sinr": 5.27248, "max_sinr": 256.0}
{"time": 130, "f(x)": 9.49391, "median_sinr": 0.16069, "mean_sinr": 4.20506, "max_sinr": 256.0}
{"time": 132, "f(x)": 8.84951, "median_sinr": 0.18933, "mean_sinr": 4.63069, "max_sinr": 256.0}
{"time": 134, "f(x)": 9.70693, "median_sinr": 0.23344, "mean_sinr": 5.07342, "max_sinr": 256.0}
{"time": 136, "f(x)": 9.69136, "median_sinr": 0.19196, "mean_sinr": 4.44535, "max_sinr": 256.0}
{"time": 138, "f(x)": 10.87081, "median_sinr": 0.37892, "mean_sinr": 4.79305, "max_sinr": 256.0}
{"time": 140, "f(x)": 10.95715, "median_sinr": 0.40854, "mean_sinr": 4.99744, "max_sinr": 256.0}
{"time": 142, "f(x)": 10.13453, "median_sinr": 0.1964, "mean_sinr": 4.22467, "max_sinr": 256.0}
{"time": 144, "f(x)": 10.46657, "median_sinr": 0.28839, "mean_sinr": 5.17791, "max_sinr": 256.0}
{"time": 146, "f(x)": 10.22738, "median_sinr": 0.22708, "mean_sinr": 3.68731, "max_sinr": 256.0}
{"time": 148, "f(x)": 10.04635, "median_sinr": 0.23284, "mean_sinr": 3.8774, "max_sinr": 256.0}
{"time": 150, "f(x)": 9.60988, "median_sinr": 0.19294, "mean_sinr": 3.62547, "max_sinr": 256.0}
{"time": 152, "f(x)": 10.01351, "median_sinr": 0.1879, "mean_sinr": 3.76119, "max_sinr": 256.0}
{"time": 154, "f(x)": 9.59607, "median_sinr": 0.19719, "mean_sinr": 3.79326, "max_sinr": 256.0}
{"time": 156, "f(x)": 9.63202, "median_sinr": 0.2137, "mean_sinr": 4.04612, "max_sinr": 256.0}
{"time": 158, "f(x)": 9.76806, "median_sinr": 0.20913, "mean_sinr": 4.46, "max_sinr": 256.0}
{"time": 160, "f(x)": 11.218, "median_sinr": 0.4117, "mean_sinr": 5.04371, "max_sinr": 256.0}
{"time": 162, "f(x)": 10.67082, "median_sinr": 0.34146, "mean_sinr": 5.21716, "max_sinr": 256.0}
{"time": 164, "f(x)": 10.47421, "median_sinr": 0.29231, "mean_sinr": 4.51121, "max_sinr": 256.0}
{"time": 166, "f(x)": 10.85672, "median_sinr": 0.35655, "mean_sinr": 4.85707, "max_sinr": 256.0}
{"time": 168, "f(x)": 8.45073,