{"time": 2, "f(x)": 8.16565, "median_sinr": 0.02336, "mean_sinr": 1.36064, "max_sinr": 256.0}
{"time": 4, "f(x)": 7.63804, "median_sinr": 0.00758, "mean_sinr": 1.06033, "max_sinr": 256.0}
{"time": 6, "f(x)": 8.69648, "median_sinr": 0.00869, "mean_sinr": 0.41584, "max_sinr": 100.88592280353343}
{"time": 8, "f(x)": 7.95951, "median_sinr": 0.00585, "mean_sinr": 0.9262, "max_sinr": 256.0}
{"time": 10, "f(x)": 7.69693, "median_sinr": 0.01549, "mean_sinr": 0.85432, "max_sinr": 223.46305749996134}
{"time": 12, "f(x)": 8.30005, "median_sinr": 0.03528, "mean_sinr": 1.93826, "max_sinr": 256.0}
{"time": 14, "f(x)": 6.94985, "median_sinr": 0.00402, "mean_sinr": 1.00038, "max_sinr": 256.0}
{"time": 16, "f(x)": 9.1913, "median_sinr": 0.02426, "mean_sinr": 2.13837, "max_sinr": 256.0}
{"time": 18, "f(x)": 9.14169, "median_sinr": 0.04002, "mean_sinr": 1.88354, "max_sinr": 256.0}
{"time": 20, "f(x)": 8.13229, "median_sinr": 0.0107, "mean_sinr": 1.64451, "max_sinr": 256.0}
{"time": 22, "f(x)": 7.56045, "median_sinr": 0.00751, "mean_sinr": 0.69096, "max_sinr": 256.0}
{"time": 24, "f(x)": 7.90753, "median_sinr": 0.01844, "mean_sinr": 0.84077, "max_sinr": 256.0}
{"time": 26, "f(x)": 6.90561, "median_sinr": 0.00434, "mean_sinr": 0.29269, "max_sinr": 48.30264738406102}
{"time": 28, "f(x)": 8.80128, "median_sinr": 0.02892, "mean_sinr": 1.8259, "max_sinr": 256.0}
{"time": 30, "f(x)": 3.97666, "median_sinr": 0.00021, "mean_sinr": 1.43218, "max_sinr": 256.0}
{"time": 32, "f(x)": 6.30617, "median_sinr": 0.01244, "mean_sinr": 3.18751, "max_sinr": 256.0}
{"time": 34, "f(x)": 11.04185, "median_sinr": 0.2496, "mean_sinr": 3.47406, "max_sinr": 256.0}
{"time": 36, "f(x)": 10.8897, "median_sinr": 0.3446, "mean_sinr": 3.88062, "max_sinr": 256.0}
{"time": 38, "f(x)": 11.03015, "median_sinr": 0.30143, "mean_sinr": 3.75084, "max_sinr": 256.0}
{"time": 40, "f(x)": 11.4247, "median_sinr": 0.34093, "mean_sinr": 3.74883, "max_sinr": 256.0}
{"time": 42, "f(x)": 11.44269, "median_sinr": 0.3064, "mean_sinr": 3.91759, "max_sinr": 256.0}
{"time": 44, "f(x)": 10.97333, "median_sinr": 0.27491, "mean_sinr": 3.20574, "max_sinr": 256.0}
{"time": 46, "f(x)": 11.43059, "median_sinr": 0.27273, "mean_sinr": 3.26424, "max_sinr": 256.0}
{"time": 48, "f(x)": 11.47812, "median_sinr": 0.31435, "mean_sinr": 3.73922, "max_sinr": 256.0}
{"time": 50, "f(x)": 10.74923, "median_sinr": 0.24009, "mean_sinr": 3.84384, "max_sinr": 256.0}
{"time": 52, "f(x)": 11.16228, "median_sinr": 0.27509, "mean_sinr": 4.17396, "max_sinr": 256.0}
{"time": 54, "f(x)": 10.6017, "median_sinr": 0.2384, "mean_sinr": 3.75046, "max_sinr": 256.0}
{"time": 56, "f(x)": 11.07095, "median_sinr": 0.26839, "mean_sinr": 2.94364, "max_sinr": 256.0}
{"time": 58, "f(x)": 10.9661, "median_sinr": 0.31558, "mean_sinr": 2.788, "max_sinr": 256.0}
{"time": 60, "f(x)": 10.92878, "median_sinr": 0.32238, "mean_sinr": 3.42164, "max_sinr": 256.0}
{"time": 62, "f(x)": 10.88848, "median_sinr": 0.34264, "mean_sinr": 3.83404, "max_sinr": 256.0}
{"time": 64, "f(x)": 11.07593, "median_sinr": 0.33873, "mean_sinr": 2.8831, "max_sinr": 256.0}
{"time": 66, "f(x)": 10.94822, "median_sinr": 0.33928, "mean_sinr": 3.19505, "max_sinr": 256.0}
{"time": 68, "f(x)": 10.88413, "median_sinr": 0.28052, "mean_sinr": 2.69487, "max_sinr": 256.0}
{"time": 70, "f(x)": 11.02942, "median_sinr": 0.35326, "mean_sinr": 3.13278, "max_sinr": 256.0}
{"time": 72, "f(x)": 10.32703, "median_sinr": 0.2716, "mean_sinr": 1.82649, "max_sinr": 256.0}
{"time": 74, "f(x)": 10.69564, "median_sinr": 0.29434, "mean_sinr": 3.38436, "max_sinr": 256.0}
{"time": 76, "f(x)": 10.58121, "median_sinr": 0.28315, "mean_sinr": 2.56212, "max_sinr": 256.0}
{"time": 78, "f(x)": 10.37942, "median_sinr": 0.22824, "mean_sinr": 3.04065, "max_sinr": 256.0}
{"time": 80, "f(x)": 10.38779, "median_sinr": 0.24366, "mean_sinr": 3.56496, "max_sinr": 256.0}
{"time": 82, "f(x)": 10.38655, "median_sinr": 0.23018, "mean_sinr": 3.14495, "max_sinr": 256.0}
{"time": 84, "f(x)": 10.44234, "median_sinr": 0.27693, "mean_sinr": 3.27409, "max_sinr": 256.0}
{"time": 86, "f(x)": 9.85556, "median_sinr": 0.17291, "mean_sinr": 2.9418, "max_sinr": 256.0}
{"time": 88, "f(x)": 10.2189, "median_sinr": 0.21605, "mean_sinr": 3.03159, "max_sinr": 256.0}
{"time": 90, "f(x)": 10.95037, "median_sinr": 0.31006, "mean_sinr": 3.51131, "max_sinr": 256.0}
{"time": 92, "f(x)": 10.60919, "median_sinr": 0.28926, "mean_sinr": 3.84826, "max_sinr": 256.0}
{"time": 94, "f(x)": 10.59745, "median_sinr": 0.2793, "mean_sinr": 4.04393, "max_sinr": 256.0}
{"time": 96, "f(x)": 10.77502, "median_sinr": 0.25324, "mean_sinr": 3.35281, "max_sinr": 256.0}
{"time": 98, "f(x)": 10.6064, "median_sinr": 0.23788, "mean_sinr": 3.06423, "max_sinr": 256.0}
{"time": 100, "f(x)": 10.4901, "median_sinr": 0.26713, "mean_sinr": 3.29749, "max_sinr": 256.0}
{"time": 102, "f(x)": 10.8195, "median_sinr": 0.25413, "mean_sinr": 2.75962, "max_sinr": 256.0}
{"time": 104, "f(x)": 10.59325, "median_sinr": 0.24378, "mean_sinr": 2.7937, "max_sinr": 256.0}
{"time": 106, "f(x)": 10.1543, "median_sinr": 0.21206, "mean_sinr": 2.57971, "max_sinr": 256.0}
{"time": 108, "f(x)": 10.66229, "median_sinr": 0.21286, "mean_sinr": 3.15681, "max_sinr": 256.0}
{"time": 110, "f(x)": 10.57854, "median_sinr": 0.25925, "mean_sinr": 2.864, "max_sinr": 256.0}
{"time": 112, "f(x)": 10.59248, "median_sinr": 0.25378, "mean_sinr": 2.2037, "max_sinr": 256.0}
{"time": 114, "f(x)": 10.67038, "median_sinr": 0.252, "mean_sinr": 2.49688, "max_sinr": 256.0}
{"time": 116, "f(x)": 10.34485, "median_sinr": 0.23054, "mean_sinr": 2.16785, "max_sinr": 256.0}
{"time": 118, "f(x)": 10.4504, "median_sinr": 0.24205, "mean_sinr": 3.23104, "max_sinr": 256.0}
{"time": 120, "f(x)": 10.35271, "median_sinr": 0.23764, "mean_sinr": 3.3696, "max_sinr": 256.0}
{"time": 122, "f(x)": 10.28982, "median_sinr": 0.20631, "mean_sinr": 3.16396, "max_sinr": 256.0}
{"time": 124, "f(x)": 10.60253, "median_sinr": 0.24265, "mean_sinr": 3.60307, "max_sinr": 256.0}
{"time": 126, "f(x)": 10.53291, "median_sinr": 0.22206, "mean_sinr": 3.20517, "max_sinr": 256.0}
{"time": 128, "f(x)": 10.20168, "median_sinr": 0.1573, "mean_sinr": 2.97409, "max_sinr": 256.0}
{"time": 130, "f(x)": 10.38655, "median_sinr": 0.20341, "mean_sinr": 3.45996, "max_sinr": 256.0}
{"time": 132, "f(x)": 10.01674, "median_sinr": 0.16724, "mean_sinr": 3.42119, "max_sinr": 256.0}
{"time": 134, "f(x)": 9.86913, "median_sinr": 0.16203, "mean_sinr": 3.43052, "max_sinr": 256.0}
{"time": 136, "f(x)": 10.00319, "median_sinr": 0.21224, "mean_sinr": 3.46509, "max_sinr": 256.0}
{"time": 138, "f(x)": 10.54521, "median_sinr": 0.24286, "mean_sinr": 3.18378, "max_sinr": 256.0}
{"time": 140, "f(x)": 10.70754, "median_sinr": 0.24554, "mean_sinr": 3.99902, "max_sinr": 256.0}
{"time": 142, "f(x)": 10.35444, "median_sinr": 0.22842, "mean_sinr": 3.62943, "max_sinr": 256.0}
{"time": 144, "f(x)": 10.67836, "median_sinr": 0.24851, "mean_sinr": 3.66939, "max_sinr": 256.0}
{"time": 146, "f(x)": 10.40414, "median_sinr": 0.25197, "mean_sinr": 2.87774, "max_sinr": 256.0}
{"time": 148, "f(x)": 10.43382, "median_sinr": 0.23496, "mean_sinr": 2.90906, "max_sinr": 256.0}
{"time": 150, "f(x)": 10.4851, "median_sinr": 0.2435, "mean_sinr": 3.39709, "max_sinr": 256.0}
{"time": 152, "f(x)": 10.23538, "median_sinr": 0.25434, "mean_sinr": 2.94506, "max_sinr": 256.0}
{"time": 154, "f(x)": 9.85074, "median_sinr": 0.23292, "mean_sinr": 2.92276, "max_sinr": 256.0}
{"time": 156, "f(x)": 10.28523, "median_sinr": 0.25802, "mean_sinr": 3.60873, "max_sinr": 256.0}
{"time": 158, "f(x)": 10.10494, "median_sinr": 0.23705, "mean_sinr": 3.16172, "max_sinr": 256.0}
{"time": 160, "f(x)": 10.28163, "median_sinr": 0.24525, "mean_sinr": 2.97537, "max_sinr": 256.0}
{"time": 162, "f(x)": 10.18737, "median_sinr": 0.21926, "mean_sinr": 3.74379, "max_sinr": 256.0}
{"time": 164, "f(x)": 10.43007, "median_sinr": 0.23745, "mean_sinr": 3.68377, "max_sinr": 256.0}
{"time": 166, "f(x)": 10.46138, "median_sinr": 0.24523, "mean_sinr": 3.72946, "max_sinr": 256.0}
{"time": 168,