{"time": 2, "f(x)": 8.9015, "median_sinr": 0.01256, "mean_sinr": 3.75897, "max_sinr": 256.0}
{"time": 4, "f(x)": 10.2281, "median_sinr": 0.14059, "mean_sinr": 3.52066, "max_sinr": 256.0}
{"time": 6, "f(x)": 8.03901, "median_sinr": 0.01081, "mean_sinr": 0.86393, "max_sinr": 256.0}
{"time": 8, "f(x)": 8.09998, "median_sinr": 0.01545, "mean_sinr": 2.75433, "max_sinr": 256.0}
{"time": 10, "f(x)": 9.3061, "median_sinr": 0.05888, "mean_sinr": 1.81522, "max_sinr": 256.0}
{"time": 12, "f(x)": 8.43307, "median_sinr": 0.02158, "mean_sinr": 1.88366, "max_sinr": 256.0}
{"time": 14, "f(x)": 9.25758, "median_sinr": 0.02799, "mean_sinr": 1.53184, "max_sinr": 256.0}
{"time": 16, "f(x)": 7.99194, "median_sinr": 0.00929, "mean_sinr": 0.98262, "max_sinr": 256.0}
{"time": 18, "f(x)": 8.3735, "median_sinr": 0.01113, "mean_sinr": 0.71139, "max_sinr": 256.0}
{"time": 20, "f(x)": 7.55113, "median_sinr": 0.00507, "mean_sinr": 0.4994, "max_sinr": 69.38207064799998}
{"time": 22, "f(x)": 9.49406, "median_sinr": 0.07293, "mean_sinr": 2.60728, "max_sinr": 256.0}
{"time": 24, "f(x)": 7.1455, "median_sinr": 0.00623, "mean_sinr": 0.74023, "max_sinr": 222.88151324572664}
{"time": 26, "f(x)": 6.46032, "median_sinr": 0.00614, "mean_sinr": 0.32438, "max_sinr": 95.71442727632582}
{"time": 28, "f(x)": 7.85608, "median_sinr": 0.00704, "mean_sinr": 0.62718, "max_sinr": 256.0}
{"time": 30, "f(x)": 9.72633, "median_sinr": 0.04395, "mean_sinr": 2.07642, "max_sinr": 256.0}
{"time": 32, "f(x)": 10.65223, "median_sinr": 0.32894, "mean_sinr": 5.26032, "max_sinr": 256.0}
{"time": 34, "f(x)": 10.98425, "median_sinr": 0.37456, "mean_sinr": 5.2112, "max_sinr": 256.0}
{"time": 36, "f(x)": 11.18784, "median_sinr": 0.45021, "mean_sinr": 5.56638, "max_sinr": 256.0}
{"time": 38, "f(x)": 11.35353, "median_sinr": 0.46199, "mean_sinr": 5.78699, "max_sinr": 256.0}
{"time": 40, "f(x)": 10.80738, "median_sinr": 0.32101, "mean_sinr": 4.45298, "max_sinr": 256.0}
{"time": 42, "f(x)": 10.6996, "median_sinr": 0.33476, "mean_sinr": 4.85473, "max_sinr": 256.0}
{"time": 44, "f(x)": 11.0281, "median_sinr": 0.29965, "mean_sinr": 3.9245, "max_sinr": 256.0}
{"time": 46, "f(x)": 11.0532, "median_sinr": 0.34591, "mean_sinr": 4.0634, "max_sinr": 256.0}
{"time": 48, "f(x)": 10.95245, "median_sinr": 0.32884, "mean_sinr": 4.35801, "max_sinr": 256.0}
{"time": 50, "f(x)": 10.95296, "median_sinr": 0.39546, "mean_sinr": 6.22231, "max_sinr": 256.0}
{"time": 52, "f(x)": 10.613, "median_sinr": 0.29694, "mean_sinr": 4.11746, "max_sinr": 256.0}
{"time": 54, "f(x)": 10.505, "median_sinr": 0.31667, "mean_sinr": 3.88303, "max_sinr": 256.0}
{"time": 56, "f(x)": 10.5632, "median_sinr": 0.24163, "mean_sinr": 3.48631, "max_sinr": 256.0}
{"time": 58, "f(x)": 10.59019, "median_sinr": 0.32444, "mean_sinr": 3.72751, "max_sinr": 256.0}
{"time": 60, "f(x)": 10.57598, "median_sinr": 0.3403, "mean_sinr": 3.91706, "max_sinr": 256.0}
{"time": 62, "f(x)": 10.54676, "median_sinr": 0.3281, "mean_sinr": 4.68695, "max_sinr": 256.0}
{"time": 64, "f(x)": 10.7974, "median_sinr": 0.41898, "mean_sinr": 4.56785, "max_sinr": 256.0}
{"time": 66, "f(x)": 8.88732, "median_sinr": 0.21424, "mean_sinr": 3.22642, "max_sinr": 256.0}
{"time": 68, "f(x)": 10.04879, "median_sinr": 0.30509, "mean_sinr": 4.08239, "max_sinr": 256.0}
{"time": 70, "f(x)": 9.76512, "median_sinr": 0.30159, "mean_sinr": 3.62948, "max_sinr": 256.0}
{"time": 72, "f(x)": 9.80317, "median_sinr": 0.31411, "mean_sinr": 3.65998, "max_sinr": 256.0}
{"time": 74, "f(x)": 9.93594, "median_sinr": 0.33359, "mean_sinr": 5.2111, "max_sinr": 256.0}
{"time": 76, "f(x)": 10.91088, "median_sinr": 0.46884, "mean_sinr": 4.04238, "max_sinr": 256.0}
{"time": 78, "f(x)": 11.33629, "median_sinr": 0.48306, "mean_sinr": 4.7496, "max_sinr": 256.0}
{"time": 80, "f(x)": 10.83278, "median_sinr": 0.4377, "mean_sinr": 4.71269, "max_sinr": 256.0}
{"time": 82, "f(x)": 11.23208, "median_sinr": 0.44585, "mean_sinr": 4.64241, "max_sinr": 256.0}
{"time": 84, "f(x)": 11.17883, "median_sinr": 0.43021, "mean_sinr": 6.17623, "max_sinr": 256.0}
{"time": 86, "f(x)": 11.47261, "median_sinr": 0.50649, "mean_sinr": 6.19715, "max_sinr": 256.0}
{"time": 88, "f(x)": 10.97972, "median_sinr": 0.3704, "mean_sinr": 5.38509, "max_sinr": 256.0}
{"time": 90, "f(x)": 11.44875, "median_sinr": 0.48245, "mean_sinr": 6.08101, "max_sinr": 256.0}
{"time": 92, "f(x)": 11.06508, "median_sinr": 0.42849, "mean_sinr": 6.4207, "max_sinr": 256.0}
{"time": 94, "f(x)": 11.13035, "median_sinr": 0.44811, "mean_sinr": 6.79622, "max_sinr": 256.0}
{"time": 96, "f(x)": 11.36812, "median_sinr": 0.48059, "mean_sinr": 5.83123, "max_sinr": 256.0}
{"time": 98, "f(x)": 11.31633, "median_sinr": 0.42341, "mean_sinr": 5.37189, "max_sinr": 256.0}
{"time": 100, "f(x)": 11.44217, "median_sinr": 0.45832, "mean_sinr": 5.99668, "max_sinr": 256.0}
{"time": 102, "f(x)": 11.37181, "median_sinr": 0.40508, "mean_sinr": 5.0092, "max_sinr": 256.0}
{"time": 104, "f(x)": 11.41221, "median_sinr": 0.43257, "mean_sinr": 6.00111, "max_sinr": 256.0}
{"time": 106, "f(x)": 11.38198, "median_sinr": 0.42107, "mean_sinr": 6.04902, "max_sinr": 256.0}
{"time": 108, "f(x)": 11.38141, "median_sinr": 0.45118, "mean_sinr": 6.21572, "max_sinr": 256.0}
{"time": 110, "f(x)": 11.42639, "median_sinr": 0.44803, "mean_sinr": 6.91626, "max_sinr": 256.0}
{"time": 112, "f(x)": 11.39999, "median_sinr": 0.45362, "mean_sinr": 6.13654, "max_sinr": 256.0}
{"time": 114, "f(x)": 11.46432, "median_sinr": 0.4357, "mean_sinr": 6.1141, "max_sinr": 256.0}
{"time": 116, "f(x)": 11.20575, "median_sinr": 0.4115, "mean_sinr": 5.50447, "max_sinr": 256.0}
{"time": 118, "f(x)": 9.77056, "median_sinr": 0.2099, "mean_sinr": 4.60281, "max_sinr": 256.0}
{"time": 120, "f(x)": 10.27184, "median_sinr": 0.26983, "mean_sinr": 6.48483, "max_sinr": 256.0}
{"time": 122, "f(x)": 10.61319, "median_sinr": 0.30142, "mean_sinr": 6.7677, "max_sinr": 256.0}
{"time": 124, "f(x)": 11.24485, "median_sinr": 0.33807, "mean_sinr": 6.44184, "max_sinr": 256.0}
{"time": 126, "f(x)": 11.15615, "median_sinr": 0.3846, "mean_sinr": 6.31287, "max_sinr": 256.0}
{"time": 128, "f(x)": 10.94565, "median_sinr": 0.36327, "mean_sinr": 6.89793, "max_sinr": 256.0}
{"time": 130, "f(x)": 10.54967, "median_sinr": 0.27267, "mean_sinr": 6.29433, "max_sinr": 256.0}
{"time": 132, "f(x)": 10.19864, "median_sinr": 0.29784, "mean_sinr": 6.30849, "max_sinr": 256.0}
{"time": 134, "f(x)": 10.90928, "median_sinr": 0.32957, "mean_sinr": 6.6646, "max_sinr": 256.0}
{"time": 136, "f(x)": 11.16375, "median_sinr": 0.34317, "mean_sinr": 5.81575, "max_sinr": 256.0}
{"time": 138, "f(x)": 10.86636, "median_sinr": 0.31728, "mean_sinr": 5.35115, "max_sinr": 256.0}
{"time": 140, "f(x)": 11.08447, "median_sinr": 0.35261, "mean_sinr": 6.0667, "max_sinr": 256.0}
{"time": 142, "f(x)": 10.95511, "median_sinr": 0.29925, "mean_sinr": 5.82626, "max_sinr": 256.0}
{"time": 144, "f(x)": 11.06528, "median_sinr": 0.32492, "mean_sinr": 6.2559, "max_sinr": 256.0}
{"time": 146, "f(x)": 10.79714, "median_sinr": 0.27826, "mean_sinr": 5.16185, "max_sinr": 256.0}
{"time": 148, "f(x)": 10.69291, "median_sinr": 0.30179, "mean_sinr": 6.21414, "max_sinr": 256.0}
{"time": 150, "f(x)": 10.93171, "median_sinr": 0.31595, "mean_sinr": 5.96501, "max_sinr": 256.0}
{"time": 152, "f(x)": 11.15219, "median_sinr": 0.31382, "mean_sinr": 5.73369, "max_sinr": 256.0}
{"time": 154, "f(x)": 10.43457, "median_sinr": 0.28527, "mean_sinr": 3.94461, "max_sinr": 256.0}
{"time": 156, "f(x)": 10.55603, "median_sinr": 0.30969, "mean_sinr": 6.27156, "max_sinr": 256.0}
{"time": 158, "f(x)": 10.66497, "median_sinr": 0.31825, "mean_sinr": 6.31486, "max_sinr": 256.0}
{"time": 160, "f(x)": 10.82114, "median_sinr": 0.31559, "mean_sinr": 5.92867, "max_sinr": 256.0}
{"time": 162, "f(x)": 9.91624, "median_sinr": 0.20862, "mean_sinr": 4.99091, "max_sinr": 256.0}
{"time": 164, "f(x)": 10.24875, "median_sinr": 0.25513, "mean_sinr": 5.62684, "max_sinr": 256.0}
{"time": 166, "f(x)": 10.74672, "median_sinr": 0.28504, "mean_sinr": 4.86132, "max_sinr": 256.0}
{"time": 168,