{"time": 2, "f(x)": 10.58993, "median_sinr": 0.13298, "mean_sinr": 3.22059, "max_sinr": 256.0}
{"time": 4, "f(x)": 10.30129, "median_sinr": 0.13567, "mean_sinr": 3.25775, "max_sinr": 256.0}
{"time": 6, "f(x)": 10.36793, "median_sinr": 0.14003, "mean_sinr": 3.08912, "max_sinr": 256.0}
{"time": 8, "f(x)": 10.42781, "median_sinr": 0.13185, "mean_sinr": 3.37598, "max_sinr": 256.0}
{"time": 10, "f(x)": 10.42411, "median_sinr": 0.13304, "mean_sinr": 3.52126, "max_sinr": 256.0}
{"time": 12, "f(x)": 10.25403, "median_sinr": 0.13503, "mean_sinr": 3.2291, "max_sinr": 256.0}
{"time": 14, "f(x)": 11.07302, "median_sinr": 0.13407, "mean_sinr": 3.14589, "max_sinr": 256.0}
{"time": 16, "f(x)": 11.10161, "median_sinr": 0.1368, "mean_sinr": 3.24044, "max_sinr": 256.0}
{"time": 18, "f(x)": 11.18967, "median_sinr": 0.13006, "mean_sinr": 3.50569, "max_sinr": 256.0}
{"time": 20, "f(x)": 11.29102, "median_sinr": 0.13751, "mean_sinr": 3.15101, "max_sinr": 256.0}
{"time": 22, "f(x)": 11.09616, "median_sinr": 0.13385, "mean_sinr": 2.83549, "max_sinr": 256.0}
{"time": 24, "f(x)": 11.02113, "median_sinr": 0.13237, "mean_sinr": 3.02601, "max_sinr": 256.0}
{"time": 26, "f(x)": 11.14174, "median_sinr": 0.14223, "mean_sinr": 2.95728, "max_sinr": 256.0}
{"time": 28, "f(x)": 11.24109, "median_sinr": 0.14887, "mean_sinr": 3.18728, "max_sinr": 256.0}
{"time": 30, "f(x)": 11.27024, "median_sinr": 0.14813, "mean_sinr": 3.55663, "max_sinr": 256.0}
{"time": 32, "f(x)": 11.18757, "median_sinr": 0.13962, "mean_sinr": 3.58177, "max_sinr": 256.0}
{"time": 34, "f(x)": 11.16625, "median_sinr": 0.14123, "mean_sinr": 3.5354, "max_sinr": 256.0}
{"time": 36, "f(x)": 11.08813, "median_sinr": 0.14522, "mean_sinr": 3.45604, "max_sinr": 256.0}
{"time": 38, "f(x)": 11.19154, "median_sinr": 0.13473, "mean_sinr": 2.96564, "max_sinr": 256.0}
{"time": 40, "f(x)": 11.05518, "median_sinr": 0.13078, "mean_sinr": 2.65002, "max_sinr": 256.0}
{"time": 42, "f(x)": 11.29486, "median_sinr": 0.13007, "mean_sinr": 2.8835, "max_sinr": 256.0}
{"time": 44, "f(x)": 10.33841, "median_sinr": 0.1301, "mean_sinr": 2.75674, "max_sinr": 256.0}
{"time": 46, "f(x)": 10.40162, "median_sinr": 0.13095, "mean_sinr": 2.87813, "max_sinr": 256.0}
{"time": 48, "f(x)": 10.82475, "median_sinr": 0.27311, "mean_sinr": 5.0551, "max_sinr": 256.0}
{"time": 50, "f(x)": 11.09657, "median_sinr": 0.28118, "mean_sinr": 5.48122, "max_sinr": 256.0}
{"time": 52, "f(x)": 11.32214, "median_sinr": 0.33423, "mean_sinr": 5.77557, "max_sinr": 256.0}
{"time": 54, "f(x)": 11.32208, "median_sinr": 0.30995, "mean_sinr": 5.07296, "max_sinr": 256.0}
{"time": 56, "f(x)": 11.13735, "median_sinr": 0.26875, "mean_sinr": 4.96802, "max_sinr": 256.0}
{"time": 58, "f(x)": 10.86963, "median_sinr": 0.26609, "mean_sinr": 4.22686, "max_sinr": 256.0}
{"time": 60, "f(x)": 11.29788, "median_sinr": 0.30761, "mean_sinr": 4.94558, "max_sinr": 256.0}
{"time": 62, "f(x)": 11.1187, "median_sinr": 0.29041, "mean_sinr": 5.05289, "max_sinr": 256.0}
{"time": 64, "f(x)": 11.35267, "median_sinr": 0.28604, "mean_sinr": 3.93902, "max_sinr": 256.0}
{"time": 66, "f(x)": 10.98141, "median_sinr": 0.24468, "mean_sinr": 3.75716, "max_sinr": 256.0}
{"time": 68, "f(x)": 10.58648, "median_sinr": 0.19367, "mean_sinr": 3.48601, "max_sinr": 256.0}
{"time": 70, "f(x)": 11.08198, "median_sinr": 0.26994, "mean_sinr": 3.56641, "max_sinr": 256.0}
{"time": 72, "f(x)": 11.33129, "median_sinr": 0.33916, "mean_sinr": 3.87417, "max_sinr": 256.0}
{"time": 74, "f(x)": 11.18345, "median_sinr": 0.34988, "mean_sinr": 5.74515, "max_sinr": 256.0}
{"time": 76, "f(x)": 11.1486, "median_sinr": 0.33709, "mean_sinr": 4.28375, "max_sinr": 256.0}
{"time": 78, "f(x)": 11.25549, "median_sinr": 0.36773, "mean_sinr": 4.83375, "max_sinr": 256.0}
{"time": 80, "f(x)": 11.33671, "median_sinr": 0.37079, "mean_sinr": 5.12189, "max_sinr": 256.0}
{"time": 82, "f(x)": 11.05336, "median_sinr": 0.35924, "mean_sinr": 4.77038, "max_sinr": 256.0}
{"time": 84, "f(x)": 10.78476, "median_sinr": 0.24702, "mean_sinr": 5.83922, "max_sinr": 256.0}
{"time": 86, "f(x)": 10.77033, "median_sinr": 0.35273, "mean_sinr": 5.6144, "max_sinr": 256.0}
{"time": 88, "f(x)": 11.30468, "median_sinr": 0.36724, "mean_sinr": 5.95563, "max_sinr": 256.0}
{"time": 90, "f(x)": 10.16083, "median_sinr": 0.24386, "mean_sinr": 5.29362, "max_sinr": 256.0}
{"time": 92, "f(x)": 9.79175, "median_sinr": 0.19162, "mean_sinr": 5.54366, "max_sinr": 256.0}
{"time": 94, "f(x)": 9.76845, "median_sinr": 0.19484, "mean_sinr": 6.03851, "max_sinr": 256.0}
{"time": 96, "f(x)": 10.02335, "median_sinr": 0.18597, "mean_sinr": 5.18391, "max_sinr": 256.0}
{"time": 98, "f(x)": 10.25283, "median_sinr": 0.23848, "mean_sinr": 5.08293, "max_sinr": 256.0}
{"time": 100, "f(x)": 10.40523, "median_sinr": 0.26661, "mean_sinr": 5.37363, "max_sinr": 256.0}
{"time": 102, "f(x)": 10.68786, "median_sinr": 0.2362, "mean_sinr": 4.12072, "max_sinr": 256.0}
{"time": 104, "f(x)": 11.33242, "median_sinr": 0.35475, "mean_sinr": 6.11399, "max_sinr": 256.0}
{"time": 106, "f(x)": 10.87009, "median_sinr": 0.25533, "mean_sinr": 5.15436, "max_sinr": 256.0}
{"time": 108, "f(x)": 11.40522, "median_sinr": 0.3357, "mean_sinr": 5.48129, "max_sinr": 256.0}
{"time": 110, "f(x)": 10.99281, "median_sinr": 0.27073, "mean_sinr": 5.60731, "max_sinr": 256.0}
{"time": 112, "f(x)": 11.08095, "median_sinr": 0.32531, "mean_sinr": 5.8247, "max_sinr": 256.0}
{"time": 114, "f(x)": 11.28841, "median_sinr": 0.30221, "mean_sinr": 5.67324, "max_sinr": 256.0}
{"time": 116, "f(x)": 10.88162, "median_sinr": 0.25803, "mean_sinr": 5.99639, "max_sinr": 256.0}
{"time": 118, "f(x)": 11.07539, "median_sinr": 0.33009, "mean_sinr": 6.67658, "max_sinr": 256.0}
{"time": 120, "f(x)": 11.00177, "median_sinr": 0.2874, "mean_sinr": 6.62722, "max_sinr": 256.0}
{"time": 122, "f(x)": 10.58473, "median_sinr": 0.2767, "mean_sinr": 6.17092, "max_sinr": 256.0}
{"time": 124, "f(x)": 10.96021, "median_sinr": 0.27087, "mean_sinr": 6.6897, "max_sinr": 256.0}
{"time": 126, "f(x)": 9.73482, "median_sinr": 0.22787, "mean_sinr": 6.08969, "max_sinr": 256.0}
{"time": 128, "f(x)": 10.39239, "median_sinr": 0.235, "mean_sinr": 6.70073, "max_sinr": 256.0}
{"time": 130, "f(x)": 10.16586, "median_sinr": 0.22149, "mean_sinr": 6.57448, "max_sinr": 256.0}
{"time": 132, "f(x)": 10.85215, "median_sinr": 0.28687, "mean_sinr": 6.59329, "max_sinr": 256.0}
{"time": 134, "f(x)": 10.23566, "median_sinr": 0.20952, "mean_sinr": 6.15332, "max_sinr": 256.0}
{"time": 136, "f(x)": 10.45449, "median_sinr": 0.241, "mean_sinr": 5.80626, "max_sinr": 256.0}
{"time": 138, "f(x)": 10.01199, "median_sinr": 0.19988, "mean_sinr": 5.06764, "max_sinr": 256.0}
{"time": 140, "f(x)": 10.13754, "median_sinr": 0.20554, "mean_sinr": 5.43484, "max_sinr": 256.0}
{"time": 142, "f(x)": 10.23566, "median_sinr": 0.20876, "mean_sinr": 6.09032, "max_sinr": 256.0}
{"time": 144, "f(x)": 11.04307, "median_sinr": 0.26621, "mean_sinr": 6.89096, "max_sinr": 256.0}
{"time": 146, "f(x)": 11.00125, "median_sinr": 0.26624, "mean_sinr": 5.94043, "max_sinr": 256.0}
{"time": 148, "f(x)": 10.99345, "median_sinr": 0.25713, "mean_sinr": 6.38865, "max_sinr": 256.0}
{"time": 150, "f(x)": 10.72139, "median_sinr": 0.24767, "mean_sinr": 5.59497, "max_sinr": 256.0}
{"time": 152, "f(x)": 11.04221, "median_sinr": 0.27027, "mean_sinr": 6.27505, "max_sinr": 256.0}
{"time": 154, "f(x)": 10.96649, "median_sinr": 0.26661, "mean_sinr": 6.38486, "max_sinr": 256.0}
{"time": 156, "f(x)": 10.99503, "median_sinr": 0.28429, "mean_sinr": 7.31632, "max_sinr": 256.0}
{"time": 158, "f(x)": 10.79539, "median_sinr": 0.27171, "mean_sinr": 6.74301, "max_sinr": 256.0}
{"time": 160, "f(x)": 10.13938, "median_sinr": 0.21143, "mean_sinr": 5.99689, "max_sinr": 256.0}
{"time": 162, "f(x)": 10.48876, "median_sinr": 0.22924, "mean_sinr": 6.54234, "max_sinr": 256.0}
{"time": 164, "f(x)": 10.79215, "median_sinr": 0.24855, "mean_sinr": 5.92053, "max_sinr": 256.0}
{"time": 166, "f(x)": 10.66177, "median_sinr": 0.24456, "mean_sinr": 5.12705, "max_sinr": 256.0}
{"time": 168,