{"time": 2, "f(x)": 7.47499, "median_sinr": 0.00632, "mean_sinr": 1.31407, "max_sinr": 256.0}
{"time": 4, "f(x)": 6.82327, "median_sinr": 0.00823, "mean_sinr": 1.27796, "max_sinr": 256.0}
{"time": 6, "f(x)": 8.01218, "median_sinr": 0.00859, "mean_sinr": 0.84794, "max_sinr": 256.0}
{"time": 8, "f(x)": 9.15996, "median_sinr": 0.02041, "mean_sinr": 1.42472, "max_sinr": 256.0}
{"time": 10, "f(x)": 8.43008, "median_sinr": 0.01809, "mean_sinr": 0.66168, "max_sinr": 99.34847996228295}
{"time": 12, "f(x)": 7.15115, "median_sinr": 0.00599, "mean_sinr": 0.32931, "max_sinr": 49.638916657668275}
{"time": 14, "f(x)": 7.68687, "median_sinr": 0.00812, "mean_sinr": 1.58724, "max_sinr": 256.0}
{"time": 16, "f(x)": 7.17611, "median_sinr": 0.00149, "mean_sinr": 1.71162, "max_sinr": 256.0}
{"time": 18, "f(x)": 7.09709, "median_sinr": 0.00383, "mean_sinr": 0.54171, "max_sinr": 256.0}
{"time": 20, "f(x)": 9.37948, "median_sinr": 0.00511, "mean_sinr": 0.46633, "max_sinr": 126.09937143746679}
{"time": 22, "f(x)": 11.07717, "median_sinr": 0.04843, "mean_sinr": 1.46654, "max_sinr": 256.0}
{"time": 24, "f(x)": 9.41124, "median_sinr": 0.06742, "mean_sinr": 2.54859, "max_sinr": 256.0}
{"time": 26, "f(x)": 9.21568, "median_sinr": 0.05025, "mean_sinr": 1.51842, "max_sinr": 256.0}
{"time": 28, "f(x)": 9.03229, "median_sinr": 0.02677, "mean_sinr": 1.39027, "max_sinr": 256.0}
{"time": 30, "f(x)": 9.12392, "median_sinr": 0.02391, "mean_sinr": 1.30541, "max_sinr": 200.2125792178664}
{"time": 32, "f(x)": 9.02854, "median_sinr": 0.07219, "mean_sinr": 2.46094, "max_sinr": 256.0}
{"time": 34, "f(x)": 9.99843, "median_sinr": 0.07363, "mean_sinr": 2.46252, "max_sinr": 256.0}
{"time": 36, "f(x)": 9.89159, "median_sinr": 0.08699, "mean_sinr": 2.88972, "max_sinr": 256.0}
{"time": 38, "f(x)": 10.36539, "median_sinr": 0.0942, "mean_sinr": 2.69029, "max_sinr": 256.0}
{"time": 40, "f(x)": 9.35631, "median_sinr": 0.03448, "mean_sinr": 2.02293, "max_sinr": 256.0}
{"time": 42, "f(x)": 10.96029, "median_sinr": 0.08713, "mean_sinr": 2.63639, "max_sinr": 256.0}
{"time": 44, "f(x)": 9.83685, "median_sinr": 0.0415, "mean_sinr": 1.71883, "max_sinr": 256.0}
{"time": 46, "f(x)": 10.33084, "median_sinr": 0.07376, "mean_sinr": 2.40477, "max_sinr": 256.0}
{"time": 48, "f(x)": 8.98131, "median_sinr": 0.07487, "mean_sinr": 2.06361, "max_sinr": 256.0}
{"time": 50, "f(x)": 10.06213, "median_sinr": 0.08146, "mean_sinr": 2.70008, "max_sinr": 256.0}
{"time": 52, "f(x)": 9.90343, "median_sinr": 0.08037, "mean_sinr": 3.09644, "max_sinr": 256.0}
{"time": 54, "f(x)": 10.00224, "median_sinr": 0.08066, "mean_sinr": 2.90411, "max_sinr": 256.0}
{"time": 56, "f(x)": 10.01194, "median_sinr": 0.08782, "mean_sinr": 2.45265, "max_sinr": 256.0}
{"time": 58, "f(x)": 10.09097, "median_sinr": 0.11086, "mean_sinr": 2.18043, "max_sinr": 256.0}
{"time": 60, "f(x)": 9.56922, "median_sinr": 0.07624, "mean_sinr": 2.40753, "max_sinr": 256.0}
{"time": 62, "f(x)": 9.77111, "median_sinr": 0.10128, "mean_sinr": 2.95406, "max_sinr": 256.0}
{"time": 64, "f(x)": 10.18223, "median_sinr": 0.12103, "mean_sinr": 2.46346, "max_sinr": 256.0}
{"time": 66, "f(x)": 10.11415, "median_sinr": 0.11023, "mean_sinr": 2.74171, "max_sinr": 256.0}
{"time": 68, "f(x)": 10.63414, "median_sinr": 0.13099, "mean_sinr": 1.92465, "max_sinr": 256.0}
{"time": 70, "f(x)": 10.49012, "median_sinr": 0.17496, "mean_sinr": 1.80857, "max_sinr": 256.0}
{"time": 72, "f(x)": 10.30288, "median_sinr": 0.16141, "mean_sinr": 2.33347, "max_sinr": 256.0}
{"time": 74, "f(x)": 10.33301, "median_sinr": 0.17687, "mean_sinr": 3.52071, "max_sinr": 256.0}
{"time": 76, "f(x)": 10.49391, "median_sinr": 0.17827, "mean_sinr": 2.7675, "max_sinr": 256.0}
{"time": 78, "f(x)": 10.37935, "median_sinr": 0.17977, "mean_sinr": 3.6234, "max_sinr": 256.0}
{"time": 80, "f(x)": 10.26059, "median_sinr": 0.16969, "mean_sinr": 3.78671, "max_sinr": 256.0}
{"time": 82, "f(x)": 10.15886, "median_sinr": 0.11974, "mean_sinr": 3.02651, "max_sinr": 256.0}
{"time": 84, "f(x)": 9.73151, "median_sinr": 0.11609, "mean_sinr": 3.37083, "max_sinr": 256.0}
{"time": 86, "f(x)": 10.34786, "median_sinr": 0.15494, "mean_sinr": 3.96043, "max_sinr": 256.0}
{"time": 88, "f(x)": 10.47233, "median_sinr": 0.1698, "mean_sinr": 3.91595, "max_sinr": 256.0}
{"time": 90, "f(x)": 10.14383, "median_sinr": 0.17012, "mean_sinr": 3.30265, "max_sinr": 256.0}
{"time": 92, "f(x)": 10.29893, "median_sinr": 0.17572, "mean_sinr": 4.05192, "max_sinr": 256.0}
{"time": 94, "f(x)": 10.35655, "median_sinr": 0.15619, "mean_sinr": 3.84736, "max_sinr": 256.0}
{"time": 96, "f(x)": 10.352, "median_sinr": 0.17446, "mean_sinr": 3.57324, "max_sinr": 256.0}
{"time": 98, "f(x)": 10.32083, "median_sinr": 0.15527, "mean_sinr": 3.04133, "max_sinr": 256.0}
{"time": 100, "f(x)": 10.19376, "median_sinr": 0.17004, "mean_sinr": 3.12627, "max_sinr": 256.0}
{"time": 102, "f(x)": 10.39523, "median_sinr": 0.17003, "mean_sinr": 2.80138, "max_sinr": 256.0}
{"time": 104, "f(x)": 10.43897, "median_sinr": 0.18107, "mean_sinr": 2.95297, "max_sinr": 256.0}
{"time": 106, "f(x)": 10.19615, "median_sinr": 0.15565, "mean_sinr": 2.71151, "max_sinr": 256.0}
{"time": 108, "f(x)": 10.2715, "median_sinr": 0.17048, "mean_sinr": 3.20325, "max_sinr": 256.0}
{"time": 110, "f(x)": 10.32019, "median_sinr": 0.19167, "mean_sinr": 4.47458, "max_sinr": 256.0}
{"time": 112, "f(x)": 10.02251, "median_sinr": 0.20143, "mean_sinr": 3.57867, "max_sinr": 256.0}
{"time": 114, "f(x)": 10.22153, "median_sinr": 0.20946, "mean_sinr": 3.85454, "max_sinr": 256.0}
{"time": 116, "f(x)": 9.92007, "median_sinr": 0.19047, "mean_sinr": 3.51726, "max_sinr": 256.0}
{"time": 118, "f(x)": 9.97999, "median_sinr": 0.21299, "mean_sinr": 4.50607, "max_sinr": 256.0}
{"time": 120, "f(x)": 9.5422, "median_sinr": 0.13402, "mean_sinr": 3.22009, "max_sinr": 256.0}
{"time": 122, "f(x)": 8.80118, "median_sinr": 0.13848, "mean_sinr": 3.54052, "max_sinr": 256.0}
{"time": 124, "f(x)": 10.18269, "median_sinr": 0.21664, "mean_sinr": 4.45758, "max_sinr": 256.0}
{"time": 126, "f(x)": 10.18543, "median_sinr": 0.2185, "mean_sinr": 4.13845, "max_sinr": 256.0}
{"time": 128, "f(x)": 10.49473, "median_sinr": 0.26445, "mean_sinr": 4.55975, "max_sinr": 256.0}
{"time": 130, "f(x)": 10.1943, "median_sinr": 0.229, "mean_sinr": 3.96642, "max_sinr": 256.0}
{"time": 132, "f(x)": 10.1466, "median_sinr": 0.23318, "mean_sinr": 4.83641, "max_sinr": 256.0}
{"time": 134, "f(x)": 10.28574, "median_sinr": 0.24989, "mean_sinr": 5.17651, "max_sinr": 256.0}
{"time": 136, "f(x)": 10.54898, "median_sinr": 0.27396, "mean_sinr": 4.50833, "max_sinr": 256.0}
{"time": 138, "f(x)": 10.24014, "median_sinr": 0.22716, "mean_sinr": 4.0983, "max_sinr": 256.0}
{"time": 140, "f(x)": 10.37637, "median_sinr": 0.25384, "mean_sinr": 4.53654, "max_sinr": 256.0}
{"time": 142, "f(x)": 10.52276, "median_sinr": 0.25487, "mean_sinr": 4.415, "max_sinr": 256.0}
{"time": 144, "f(x)": 10.46335, "median_sinr": 0.21329, "mean_sinr": 4.70016, "max_sinr": 256.0}
{"time": 146, "f(x)": 10.70667, "median_sinr": 0.21544, "mean_sinr": 3.80711, "max_sinr": 256.0}
{"time": 148, "f(x)": 10.37479, "median_sinr": 0.22661, "mean_sinr": 3.65627, "max_sinr": 256.0}
{"time": 150, "f(x)": 10.59234, "median_sinr": 0.23484, "mean_sinr": 4.02607, "max_sinr": 256.0}
{"time": 152, "f(x)": 10.62761, "median_sinr": 0.2398, "mean_sinr": 3.80506, "max_sinr": 256.0}
{"time": 154, "f(x)": 10.39505, "median_sinr": 0.21284, "mean_sinr": 3.72516, "max_sinr": 256.0}
{"time": 156, "f(x)": 9.4424, "median_sinr": 0.11535, "mean_sinr": 2.92662, "max_sinr": 256.0}
{"time": 158, "f(x)": 10.22576, "median_sinr": 0.15537, "mean_sinr": 3.30509, "max_sinr": 256.0}
{"time": 160, "f(x)": 9.95937, "median_sinr": 0.18142, "mean_sinr": 3.18484, "max_sinr": 256.0}
{"time": 162, "f(x)": 10.36077, "median_sinr": 0.22781, "mean_sinr": 4.98009, "max_sinr": 256.0}
{"time": 164, "f(x)": 9.93022, "median_sinr": 0.16646, "mean_sinr": 3.68877, "max_sinr": 256.0}
{"time": 166, "f(x)": 10.04438, "median_sinr": 0.1769, "mean_sinr": 3.39112,