{"time": 2, "f(x)": 7.95403, "median_sinr": 0.00776, "mean_sinr": 0.97874, "max_sinr": 238.6952052341764}
{"time": 4, "f(x)": 7.98683, "median_sinr": 0.01333, "mean_sinr": 1.23679, "max_sinr": 256.0}
{"time": 6, "f(x)": 7.75431, "median_sinr": 0.00544, "mean_sinr": 1.56659, "max_sinr": 256.0}
{"time": 8, "f(x)": 7.14484, "median_sinr": 0.00208, "mean_sinr": 1.2388, "max_sinr": 256.0}
{"time": 10, "f(x)": 8.36594, "median_sinr": 0.00663, "mean_sinr": 1.87424, "max_sinr": 256.0}
{"time": 12, "f(x)": 11.32451, "median_sinr": 0.29483, "mean_sinr": 3.78109, "max_sinr": 256.0}
{"time": 14, "f(x)": 8.52582, "median_sinr": 0.02372, "mean_sinr": 2.17902, "max_sinr": 256.0}
{"time": 16, "f(x)": 8.68124, "median_sinr": 0.02848, "mean_sinr": 2.02773, "max_sinr": 256.0}
{"time": 18, "f(x)": 7.41895, "median_sinr": 0.00444, "mean_sinr": 2.13391, "max_sinr": 256.0}
{"time": 20, "f(x)": 9.86967, "median_sinr": 0.0742, "mean_sinr": 3.41582, "max_sinr": 256.0}
{"time": 22, "f(x)": 8.24427, "median_sinr": 0.02815, "mean_sinr": 2.02823, "max_sinr": 256.0}
{"time": 24, "f(x)": 7.39609, "median_sinr": 0.00553, "mean_sinr": 0.87751, "max_sinr": 256.0}
{"time": 26, "f(x)": 8.77767, "median_sinr": 0.01595, "mean_sinr": 1.34048, "max_sinr": 256.0}
{"time": 28, "f(x)": 9.24977, "median_sinr": 0.01916, "mean_sinr": 2.76058, "max_sinr": 256.0}
{"time": 30, "f(x)": 8.34059, "median_sinr": 0.00881, "mean_sinr": 1.97339, "max_sinr": 256.0}
{"time": 32, "f(x)": 8.75774, "median_sinr": 0.07214, "mean_sinr": 3.22372, "max_sinr": 256.0}
{"time": 34, "f(x)": 9.71883, "median_sinr": 0.07492, "mean_sinr": 2.31157, "max_sinr": 256.0}
{"time": 36, "f(x)": 9.93876, "median_sinr": 0.1264, "mean_sinr": 3.72936, "max_sinr": 256.0}
{"time": 38, "f(x)": 8.59803, "median_sinr": 0.11002, "mean_sinr": 3.43539, "max_sinr": 256.0}
{"time": 40, "f(x)": 9.43516, "median_sinr": 0.11203, "mean_sinr": 2.15339, "max_sinr": 256.0}
